organism_id	organism_scope	organism_name	organism_remarks	verbatim_identification	scientific_name	kingdom	taxon_rank
S1	INDIVIDUAL			Coleoptera sp Hel	Coleoptera Hel	Animalia	species
S2	INDIVIDUAL			hymenoptera sp Ast	hymenoptera Ast	Animalia	species
S3	INDIVIDUAL			hymenoptera sp Bel	hymenoptera Bel	Animalia	species
S4	INDIVIDUAL			Heterostylodes nominabilis	Heterostylodes nominabilis	Animalia	species
S5	INDIVIDUAL			Phyllobius roboretanus	Phyllobius roboretanus	Animalia	species
S6	INDIVIDUAL			Meligethes obscurus	Meligethes obscurus	Animalia	species
S7	INDIVIDUAL			Diptera sp Sorb	Diptera Sorb	Animalia	species
S8	INDIVIDUAL			Coleoptera sp Pil	Coleoptera Pil	Animalia	species
S9	INDIVIDUAL			Lasioglossum smacthmanellum	Lasioglossum smacthmanellum	Animalia	species
S10	INDIVIDUAL			Heterostylodes nominabilis	Heterostylodes nominabilis	Animalia	species
S11	INDIVIDUAL			Formica fusca	Formica fusca	Animalia	species
S12	INDIVIDUAL			Lasius sp	Lasius	Animalia	species
S13	INDIVIDUAL			Lasius alienus	Lasius alienus	Animalia	species
S14	INDIVIDUAL			Lasius alienus	Lasius alienus	Animalia	species
S15	INDIVIDUAL			Platycheirus clypeatus	Platycheirus clypeatus	Animalia	species
S16	INDIVIDUAL			Diptera sp Ger	Diptera Ger	Animalia	species
S17	INDIVIDUAL			Lepidoptera sp Ger	Lepidoptera Ger	Animalia	species
S18	INDIVIDUAL			Agrypnus murinus	Agrypnus murinus	Animalia	species
S19	INDIVIDUAL			Delia sp	Delia	Animalia	species
S20	INDIVIDUAL			Sarcophaga spp	Sarcophagap	Animalia	species
S21	INDIVIDUAL			Bombus pascuorum	Bombus pascuorum	Animalia	species
S22	INDIVIDUAL			Muscidae sp	Muscidae	Animalia	species
S23	INDIVIDUAL			moth sp3	moth3	Animalia	species
S24	INDIVIDUAL			heteroptera sp1	heteroptera1	Animalia	species
S25	INDIVIDUAL			Lasius alienus	Lasius alienus	Animalia	species
S26	INDIVIDUAL			Phyllobius roboretanus	Phyllobius roboretanus	Animalia	species
S27	INDIVIDUAL			Formica fusca	Formica fusca	Animalia	species
S28	INDIVIDUAL			Byturus tomentosus	Byturus tomentosus	Animalia	species
S29	INDIVIDUAL			Cantharis decipiens	Cantharis decipiens	Animalia	species
S30	INDIVIDUAL			Grammoptera ruficornis	Grammoptera ruficornis	Animalia	species
S31	INDIVIDUAL			Diptera sp Crat	Diptera Crat	Animalia	species
S32	INDIVIDUAL			hymenoptera sp Crat	hymenoptera Crat	Animalia	species
S33	INDIVIDUAL			Meligethes solidus	Meligethes solidus	Animalia	species
S34	INDIVIDUAL			thysanoptera sp Ast	thysanoptera Ast	Animalia	species
S35	INDIVIDUAL			Meligethes solidus	Meligethes solidus	Animalia	species
S36	INDIVIDUAL			Heterostylodes nominabilis	Heterostylodes nominabilis	Animalia	species
S37	INDIVIDUAL			Diptera sp Ran	Diptera Ran	Animalia	species
S38	INDIVIDUAL			Myrmica ruginoides	Myrmica ruginoides	Animalia	species
S39	INDIVIDUAL			Anaspis pulicaria	Anaspis pulicaria	Animalia	species
S40	INDIVIDUAL			hymenoptera spC	hymenopteraC	Animalia	species
S41	INDIVIDUAL			Bombylius major	Bombylius major	Animalia	species
S42	INDIVIDUAL			Formica fusca	Formica fusca	Animalia	species
S43	INDIVIDUAL			Meligethes solidus	Meligethes solidus	Animalia	species
S44	INDIVIDUAL			parasitica  Smy	parasitica  Smy	Animalia	species
S45	INDIVIDUAL			Formicidae sp Trin	Formicidae Trin	Animalia	species
S46	INDIVIDUAL			Leptothorax sp	Leptothorax	Animalia	species
S47	INDIVIDUAL			Meligethes aeneus	Meligethes aeneus	Animalia	species
S48	INDIVIDUAL			Cetonia aurata	Cetonia aurata	Animalia	species
S49	INDIVIDUAL			Megaselia sp	Megaselia	Animalia	species
S50	INDIVIDUAL			Meligethes solidus	Meligethes solidus	Animalia	species
S51	INDIVIDUAL			Formica fusca	Formica fusca	Animalia	species
S52	INDIVIDUAL			Isomira murina	Isomira murina	Animalia	species
S53	INDIVIDUAL			Isomira murina	Isomira murina	Animalia	species
S54	INDIVIDUAL			Formica fusca	Formica fusca	Animalia	species
S55	INDIVIDUAL			Coleoptera sp Ran	Coleoptera Ran	Animalia	species
S56	INDIVIDUAL			thysanoptera sp3	thysanoptera3	Animalia	species
S57	INDIVIDUAL			Meligethes solidus	Meligethes solidus	Animalia	species
S58	INDIVIDUAL			Apion (Exapion) ulicis	Apion (Exapion) ulicis	Animalia	species
S59	INDIVIDUAL			Formica fusca	Formica fusca	Animalia	species
S60	INDIVIDUAL			Formicidae sp Smy	Formicidae Smy	Animalia	species
S61	INDIVIDUAL			Meligethes solidus	Meligethes solidus	Animalia	species
S62	INDIVIDUAL			Melanostoma millinum	Melanostoma millinum	Animalia	species
S63	INDIVIDUAL			Sphaerophoria sp	Sphaerophoria	Animalia	species
S64	INDIVIDUAL			Bombus pascuorum	Bombus pascuorum	Animalia	species
S65	INDIVIDUAL			Delia sp	Delia	Animalia	species
S66	INDIVIDUAL			parasitica  Hed	parasitica  Hed	Animalia	species
S67	INDIVIDUAL			Vespula vulgaris	Vespula vulgaris	Animalia	species
S68	INDIVIDUAL			Eristalis sp Sca	Eristalis Sca	Animalia	species
S69	INDIVIDUAL			Eristalis tenax	Eristalis tenax	Animalia	species
S70	INDIVIDUAL			Lasioglossum morio	Lasioglossum morio	Animalia	species
S71	INDIVIDUAL			Diptera sp Hier	Diptera Hier	Animalia	species
S72	INDIVIDUAL			Eristalis tenax	Eristalis tenax	Animalia	species
S73	INDIVIDUAL			Ferdinandea cuprea	Ferdinandea cuprea	Animalia	species
S74	INDIVIDUAL			Platycheirus albimanus	Platycheirus albimanus	Animalia	species
S75	INDIVIDUAL			Sarcophaga nigriventris	Sarcophaga nigriventris	Animalia	species
S76	INDIVIDUAL			Sciaridae Gen1	Sciaridae Gen1	Animalia	species
S77	INDIVIDUAL			Melanostoma millinum	Melanostoma millinum	Animalia	species
S78	INDIVIDUAL			Bombus pascuorum	Bombus pascuorum	Animalia	species
S79	INDIVIDUAL			Diptera sp cen	Diptera cen	Animalia	species
S80	INDIVIDUAL			Diptera sp Tor	Diptera Tor	Animalia	species
S81	INDIVIDUAL			Diptera sp Sol	Diptera Sol	Animalia	species
S82	INDIVIDUAL			Neomyia cornicina	Neomyia cornicina	Animalia	species
S83	INDIVIDUAL			Sarcophaga spp	Sarcophagap	Animalia	species
S84	INDIVIDUAL			Tachina fera	Tachina fera	Animalia	species
S85	INDIVIDUAL			hymenoptera sp Sol	hymenoptera Sol	Animalia	species
S86	INDIVIDUAL			Helophilus pendulus	Helophilus pendulus	Animalia	species
S87	INDIVIDUAL			Melanostoma millinum	Melanostoma millinum	Animalia	species
S88	INDIVIDUAL			Helophilus pendulus	Helophilus pendulus	Animalia	species
S89	INDIVIDUAL			Melanostoma scalare	Melanostoma scalare	Animalia	species
S90	INDIVIDUAL			Halictus tumulorum	Halictus tumulorum	Animalia	species
S91	INDIVIDUAL			Bombus pascuorum	Bombus pascuorum	Animalia	species
S92	INDIVIDUAL			Bombus pascuorum	Bombus pascuorum	Animalia	species
S93	INDIVIDUAL			Bombus pascuorum	Bombus pascuorum	Animalia	species
S94	INDIVIDUAL			Lasioglossum calceatum	Lasioglossum calceatum	Animalia	species
S95	INDIVIDUAL			Syrphus ribesii	Syrphus ribesii	Animalia	species
S96	INDIVIDUAL			Melanostoma millinum	Melanostoma millinum	Animalia	species
S97	INDIVIDUAL			syrphidae sp Ran	syrphidae Ran	Animalia	species
S98	INDIVIDUAL			Syrphus ribesii	Syrphus ribesii	Animalia	species
S99	INDIVIDUAL			Eupeodes luniger	Eupeodes luniger	Animalia	species
S100	INDIVIDUAL			Melanostoma millinum	Melanostoma millinum	Animalia	species
S101	INDIVIDUAL			Syrphus ribesii	Syrphus ribesii	Animalia	species
S102	INDIVIDUAL			Halictus tumulorum	Halictus tumulorum	Animalia	species
S103	INDIVIDUAL			syrphidae sp Ger	syrphidae Ger	Animalia	species
S104	INDIVIDUAL			Sciaridae Gen2	Sciaridae Gen2	Animalia	species
S105	INDIVIDUAL			Lucilia illustris	Lucilia illustris	Animalia	species
S106	INDIVIDUAL			Eupeodes luniger	Eupeodes luniger	Animalia	species
S107	INDIVIDUAL			Episyrphus balteatus	Episyrphus balteatus	Animalia	species
S108	INDIVIDUAL			Neomyia cornicina	Neomyia cornicina	Animalia	species
S109	INDIVIDUAL			Bombus pascuorum	Bombus pascuorum	Animalia	species
S110	INDIVIDUAL			Bombus pascuorum	Bombus pascuorum	Animalia	species
S111	INDIVIDUAL			Formica fusca	Formica fusca	Animalia	species
S112	INDIVIDUAL			parasitica Plan	parasitica Plan	Animalia	species
S113	INDIVIDUAL			Oedemera nobilis	Oedemera nobilis	Animalia	species
S114	INDIVIDUAL			Oedemera lurida	Oedemera lurida	Animalia	species
S115	INDIVIDUAL			Meligethes solidus	Meligethes solidus	Animalia	species
S116	INDIVIDUAL			Lasioglossum sp Hier	Lasioglossum Hier	Animalia	species
S117	INDIVIDUAL			Lasioglossum sp Pil	Lasioglossum Pil	Animalia	species
S118	INDIVIDUAL			hymenoptera sp Sang	hymenoptera Sang	Animalia	species
S119	INDIVIDUAL			Meligethes obscurus	Meligethes obscurus	Animalia	species
S120	INDIVIDUAL			Bombylius major	Bombylius major	Animalia	species
S121	INDIVIDUAL			moth sp2	moth2	Animalia	species
S122	INDIVIDUAL			Meligethes solidus	Meligethes solidus	Animalia	species
S123	INDIVIDUAL			thysanoptera sp	thysanoptera	Animalia	species
S124	INDIVIDUAL			Anaspis pulicaria	Anaspis pulicaria	Animalia	species
S125	INDIVIDUAL			thysanoptera sp1	thysanoptera1	Animalia	species
S126	INDIVIDUAL			Meligethes obscurus	Meligethes obscurus	Animalia	species
S127	INDIVIDUAL			Formicidae sp Clin	Formicidae Clin	Animalia	species
S128	INDIVIDUAL			Lasius sp	Lasius	Animalia	species
S129	INDIVIDUAL			Bombus pratorum	Bombus pratorum	Animalia	species
S130	INDIVIDUAL			Bombus pratorum	Bombus pratorum	Animalia	species
S131	INDIVIDUAL			Meligethes flavimanus	Meligethes flavimanus	Animalia	species
S132	INDIVIDUAL			Meligethes flavimanus	Meligethes flavimanus	Animalia	species
S133	INDIVIDUAL			Formicidae sp Lot	Formicidae Lot	Animalia	species
S134	INDIVIDUAL			Bombus lapidarius	Bombus lapidarius	Animalia	species
S135	INDIVIDUAL			Bombus pascuorum	Bombus pascuorum	Animalia	species
S136	INDIVIDUAL			Curculionidae sp	Curculionidae	Animalia	species
S137	INDIVIDUAL			Meligethes solidus	Meligethes solidus	Animalia	species
S138	INDIVIDUAL			hymenoptera sp Lot	hymenoptera Lot	Animalia	species
S139	INDIVIDUAL			Isomira murina	Isomira murina	Animalia	species
S140	INDIVIDUAL			Formica fusca	Formica fusca	Animalia	species
S141	INDIVIDUAL			Lasioglossum morio	Lasioglossum morio	Animalia	species
S142	INDIVIDUAL			Phyllobius roboretanus	Phyllobius roboretanus	Animalia	species
S143	INDIVIDUAL			Heterostylodes nominabilis	Heterostylodes nominabilis	Animalia	species
S144	INDIVIDUAL			Lasius alienus	Lasius alienus	Animalia	species
S145	INDIVIDUAL			Lasius sp	Lasius	Animalia	species
S146	INDIVIDUAL			Anaspis pulicaria	Anaspis pulicaria	Animalia	species
S147	INDIVIDUAL			Bombus pascuorum	Bombus pascuorum	Animalia	species
S148	INDIVIDUAL			Phyllobius roboretanus	Phyllobius roboretanus	Animalia	species
S149	INDIVIDUAL			Anaspis pulicaria	Anaspis pulicaria	Animalia	species
S150	INDIVIDUAL			Heterostylodes nominabilis	Heterostylodes nominabilis	Animalia	species
S151	INDIVIDUAL			Apion (Exapion) ulicis	Apion (Exapion) ulicis	Animalia	species
S152	INDIVIDUAL			Myrmecoris gracilis	Myrmecoris gracilis	Animalia	species
S153	INDIVIDUAL			Lasius alienus	Lasius alienus	Animalia	species
S154	INDIVIDUAL			Formica fusca	Formica fusca	Animalia	species
S155	INDIVIDUAL			thysanoptera sp4	thysanoptera4	Animalia	species
S156	INDIVIDUAL			Meligethes obscurus	Meligethes obscurus	Animalia	species
S157	INDIVIDUAL			Lasius alienus	Lasius alienus	Animalia	species
S158	INDIVIDUAL			Formica fusca	Formica fusca	Animalia	species
S159	INDIVIDUAL			Bombus terrestris	Bombus terrestris	Animalia	species
S160	INDIVIDUAL			Lasioglossum sp Geum	Lasioglossum Geum	Animalia	species
S161	INDIVIDUAL			Coleoptera sp Leuc	Coleoptera Leuc	Animalia	species
S162	INDIVIDUAL			Byturus tomentosus	Byturus tomentosus	Animalia	species
S163	INDIVIDUAL			Anaspis pulicaria	Anaspis pulicaria	Animalia	species
S164	INDIVIDUAL			heteroptera sp5	heteroptera5	Animalia	species
S165	INDIVIDUAL			Andrena sp	Andrena	Animalia	species
S166	INDIVIDUAL			Hoplitis spinulosus	Hoplitisinulosus	Animalia	species
S167	INDIVIDUAL			Heterostylodes nominabilis	Heterostylodes nominabilis	Animalia	species
S168	INDIVIDUAL			Meligethes obscurus	Meligethes obscurus	Animalia	species
S169	INDIVIDUAL			Anaspis pulicaria	Anaspis pulicaria	Animalia	species
S170	INDIVIDUAL			Coleoptera sp Thy	Coleoptera Thy	Animalia	species
S171	INDIVIDUAL			Chloropidae sp1	Chloropidae1	Animalia	species
S172	INDIVIDUAL			Paragus haemorrhous	Paragus haemorrhous	Animalia	species
S173	INDIVIDUAL			Lasius alienus	Lasius alienus	Animalia	species
S174	INDIVIDUAL			Bombus pratorum	Bombus pratorum	Animalia	species
S175	INDIVIDUAL			aphid sp2	aphid2	Animalia	species
S176	INDIVIDUAL			homoptera sp1	homoptera1	Animalia	species
S177	INDIVIDUAL			Phyllobius viridiaeris	Phyllobius viridiaeris	Animalia	species
S178	INDIVIDUAL			Myrmecoris gracilis	Myrmecoris gracilis	Animalia	species
S179	INDIVIDUAL			Andrena bicolor	Andrena bicolor	Animalia	species
S180	INDIVIDUAL			Bombus pascuorum	Bombus pascuorum	Animalia	species
S181	INDIVIDUAL			Trachysiphonella sp2	Trachysiphonella2	Animalia	species
S182	INDIVIDUAL			Oedemera nobilis	Oedemera nobilis	Animalia	species
S183	INDIVIDUAL			parasitica Hel	parasitica Hel	Animalia	species
S184	INDIVIDUAL			Oedemera nobilis	Oedemera nobilis	Animalia	species
S185	INDIVIDUAL			Syrphus torvus	Syrphus torvus	Animalia	species
S186	INDIVIDUAL			Bombus hortorum	Bombus hortorum	Animalia	species
S187	INDIVIDUAL			Bombus pratorum	Bombus pratorum	Animalia	species
S188	INDIVIDUAL			Lasius alienus	Lasius alienus	Animalia	species
S189	INDIVIDUAL			Oedemera nobilis	Oedemera nobilis	Animalia	species
S190	INDIVIDUAL			Bombus pascuorum	Bombus pascuorum	Animalia	species
S191	INDIVIDUAL			Formica fusca	Formica fusca	Animalia	species
S192	INDIVIDUAL			aphid sp1	aphid1	Animalia	species
S193	INDIVIDUAL			Oedemera lurida	Oedemera lurida	Animalia	species
S194	INDIVIDUAL			Metasyrphus cf	Metasyrphus cf	Animalia	species
S195	INDIVIDUAL			Oedemera lurida	Oedemera lurida	Animalia	species
S196	INDIVIDUAL			Meligethes obscurus	Meligethes obscurus	Animalia	species
S197	INDIVIDUAL			heteroptera sp5	heteroptera5	Animalia	species
S198	INDIVIDUAL			Bombus lucorum.terrestris	Bombus lucorum.terrestris	Animalia	species
S199	INDIVIDUAL			Anaspis pulicaria	Anaspis pulicaria	Animalia	species
S200	INDIVIDUAL			Anaspis pulicaria	Anaspis pulicaria	Animalia	species
S201	INDIVIDUAL			Oedemera lurida	Oedemera lurida	Animalia	species
S202	INDIVIDUAL			Melangyna umbellatarum	Melangyna umbellatarum	Animalia	species
S203	INDIVIDUAL			heteroptera sp5	heteroptera5	Animalia	species
S204	INDIVIDUAL			Bombus pascuorum	Bombus pascuorum	Animalia	species
S205	INDIVIDUAL			Lasioglossum calceatum	Lasioglossum calceatum	Animalia	species
S206	INDIVIDUAL			Lasioglossum villosulum	Lasioglossum villosulum	Animalia	species
S207	INDIVIDUAL			Hoplitis spinulosus	Hoplitisinulosus	Animalia	species
S208	INDIVIDUAL			Meligethes solidus	Meligethes solidus	Animalia	species
S209	INDIVIDUAL			Meligethes solidus	Meligethes solidus	Animalia	species
S210	INDIVIDUAL			heteroptera sp9	heteroptera9	Animalia	species
S211	INDIVIDUAL			Lasius alienus	Lasius alienus	Animalia	species
S212	INDIVIDUAL			Paragus haemorrhous	Paragus haemorrhous	Animalia	species
S213	INDIVIDUAL			Syrphus ribesii	Syrphus ribesii	Animalia	species
S214	INDIVIDUAL			Myrmica sp3	Myrmica3	Animalia	species
S215	INDIVIDUAL			Lasioglossum morio	Lasioglossum morio	Animalia	species
S216	INDIVIDUAL			Hoplitis claviventris	Hoplitis claviventris	Animalia	species
S217	INDIVIDUAL			Coleoptera sp Cen	Coleoptera Cen	Animalia	species
S218	INDIVIDUAL			Meligethes solidus	Meligethes solidus	Animalia	species
S219	INDIVIDUAL			Melanargia galathea	Melanargia galathea	Animalia	species
S220	INDIVIDUAL			Epistrophe grossularia	Epistrophe grossularia	Animalia	species
S221	INDIVIDUAL			Andrena minutula	Andrena minutula	Animalia	species
S222	INDIVIDUAL			Diptera sp Ach	Diptera Ach	Animalia	species
S223	INDIVIDUAL			Lasioglossum villosulum	Lasioglossum villosulum	Animalia	species
S224	INDIVIDUAL			Hoplitis spinulosus	Hoplitisinulosus	Animalia	species
S225	INDIVIDUAL			Hoplitis spinulosus	Hoplitisinulosus	Animalia	species
S226	INDIVIDUAL			Meligethes solidus	Meligethes solidus	Animalia	species
S227	INDIVIDUAL			Formica fusca	Formica fusca	Animalia	species
S228	INDIVIDUAL			Cteniopus sulphureus	Cteniopus sulphureus	Animalia	species
S229	INDIVIDUAL			Conioscinella sp	Conioscinella	Animalia	species
S230	INDIVIDUAL			parasitica  med	parasitica  med	Animalia	species
S231	INDIVIDUAL			Bombus pratorum	Bombus pratorum	Animalia	species
S232	INDIVIDUAL			Anaspis frontalis	Anaspis frontalis	Animalia	species
S233	INDIVIDUAL			Platypalpus nigritarsis	Platypalpus nigritarsis	Animalia	species
S234	INDIVIDUAL			Meliscaeva auricollis	Meliscaeva auricollis	Animalia	species
S235	INDIVIDUAL			Lasius alienus	Lasius alienus	Animalia	species
S236	INDIVIDUAL			Paragus haemorrhous	Paragus haemorrhous	Animalia	species
S237	INDIVIDUAL			Anaspis pulicaria	Anaspis pulicaria	Animalia	species
S238	INDIVIDUAL			Lasiambia palposa	Lasiambia palposa	Animalia	species
S239	INDIVIDUAL			Paragus haemorrhous	Paragus haemorrhous	Animalia	species
S240	INDIVIDUAL			heteroptera sp6	heteroptera6	Animalia	species
S241	INDIVIDUAL			Bombus hortorum	Bombus hortorum	Animalia	species
S242	INDIVIDUAL			Bombus pascuorum	Bombus pascuorum	Animalia	species
S243	INDIVIDUAL			Bombus pratorum	Bombus pratorum	Animalia	species
S244	INDIVIDUAL			Meligethes aeneus	Meligethes aeneus	Animalia	species
S245	INDIVIDUAL			Meligethes solidus	Meligethes solidus	Animalia	species
S246	INDIVIDUAL			Baccha sp	Baccha	Animalia	species
S247	INDIVIDUAL			Episyrphus balteatus	Episyrphus balteatus	Animalia	species
S248	INDIVIDUAL			Syrphus vitripennis	Syrphus vitripennis	Animalia	species
S249	INDIVIDUAL			Lasioglossum smacthmanellum	Lasioglossum smacthmanellum	Animalia	species
S250	INDIVIDUAL			Lasius alienus	Lasius alienus	Animalia	species
S251	INDIVIDUAL			Meligethes solidus	Meligethes solidus	Animalia	species
S252	INDIVIDUAL			syrphidae sp Scab	syrphidae Scab	Animalia	species
S253	INDIVIDUAL			Meliscaeva auricollis	Meliscaeva auricollis	Animalia	species
S254	INDIVIDUAL			Meligethes solidus	Meligethes solidus	Animalia	species
S255	INDIVIDUAL			Meligethes solidus	Meligethes solidus	Animalia	species
S256	INDIVIDUAL			Bombus lapidarius	Bombus lapidarius	Animalia	species
S257	INDIVIDUAL			Cteniopus sulphureus	Cteniopus sulphureus	Animalia	species
S258	INDIVIDUAL			Oedemera lurida	Oedemera lurida	Animalia	species
S259	INDIVIDUAL			Halictus tumulorum	Halictus tumulorum	Animalia	species
S260	INDIVIDUAL			Meligethes obscurus	Meligethes obscurus	Animalia	species
S261	INDIVIDUAL			Paragus haemorrhous	Paragus haemorrhous	Animalia	species
S262	INDIVIDUAL			Lasioglossum morio	Lasioglossum morio	Animalia	species
S263	INDIVIDUAL			Formica fusca	Formica fusca	Animalia	species
S264	INDIVIDUAL			Oedemera lurida	Oedemera lurida	Animalia	species
S265	INDIVIDUAL			Cteniopus sulphureus	Cteniopus sulphureus	Animalia	species
S266	INDIVIDUAL			Diptera sp Lac	Diptera Lac	Animalia	species
S267	INDIVIDUAL			Formica fusca	Formica fusca	Animalia	species
S268	INDIVIDUAL			Oedemera lurida	Oedemera lurida	Animalia	species
S269	INDIVIDUAL			Bombus lapidarius	Bombus lapidarius	Animalia	species
S270	INDIVIDUAL			Halictus tumulorum	Halictus tumulorum	Animalia	species
S271	INDIVIDUAL			Bombus hortorum	Bombus hortorum	Animalia	species
S272	INDIVIDUAL			Hoplitis claviventris	Hoplitis claviventris	Animalia	species
S273	INDIVIDUAL			Epistrophe grossularia	Epistrophe grossularia	Animalia	species
S274	INDIVIDUAL			Syrphus torvus	Syrphus torvus	Animalia	species
S275	INDIVIDUAL			parasitica Hier	parasitica Hier	Animalia	species
S276	INDIVIDUAL			parasitica Sca	parasitica Sca	Animalia	species
S277	INDIVIDUAL			Halictus tumulorum	Halictus tumulorum	Animalia	species
S278	INDIVIDUAL			Meligethes aeneus	Meligethes aeneus	Animalia	species
S279	INDIVIDUAL			Lasioglossum morio	Lasioglossum morio	Animalia	species
S280	INDIVIDUAL			Aphthona herbigrada	Aphthona herbigrada	Animalia	species
S281	INDIVIDUAL			Delia sp	Delia	Animalia	species
S282	INDIVIDUAL			parasitica Hel	parasitica Hel	Animalia	species
S283	INDIVIDUAL			Lasioglossum smacthmanellum	Lasioglossum smacthmanellum	Animalia	species
S284	INDIVIDUAL			Bombus lapidarius	Bombus lapidarius	Animalia	species
S285	INDIVIDUAL			Lasioglossum villosulum	Lasioglossum villosulum	Animalia	species
S286	INDIVIDUAL			Meligethes aeneus	Meligethes aeneus	Animalia	species
S287	INDIVIDUAL			thysanoptera sp5	thysanoptera5	Animalia	species
S288	INDIVIDUAL			Oedemera lurida	Oedemera lurida	Animalia	species
S289	INDIVIDUAL			Rhinophora lepida	Rhinophora lepida	Animalia	species
S290	INDIVIDUAL			Lasius alienus	Lasius alienus	Animalia	species
S291	INDIVIDUAL			Bombus pratorum	Bombus pratorum	Animalia	species
S292	INDIVIDUAL			hymenoptera sp ger	hymenoptera ger	Animalia	species
S293	INDIVIDUAL			Volucella pellucens	Volucella pellucens	Animalia	species
S294	INDIVIDUAL			Meligethes solidus	Meligethes solidus	Animalia	species
S295	INDIVIDUAL			Lasius alienus	Lasius alienus	Animalia	species
S296	INDIVIDUAL			Lasioglossum sp Cot	Lasioglossum Cot	Animalia	species
S297	INDIVIDUAL			Melangyna umbellatarum	Melangyna umbellatarum	Animalia	species
S298	INDIVIDUAL			Episyrphus balteatus	Episyrphus balteatus	Animalia	species
S299	INDIVIDUAL			Platycheirus clypeatus	Platycheirus clypeatus	Animalia	species
S300	INDIVIDUAL			Platycheirus scutatus	Platycheirus scutatus	Animalia	species
S301	INDIVIDUAL			Lasiambia palposa	Lasiambia palposa	Animalia	species
S302	INDIVIDUAL			Bombus pascuorum	Bombus pascuorum	Animalia	species
S303	INDIVIDUAL			Lasioglossum calceatum	Lasioglossum calceatum	Animalia	species
S304	INDIVIDUAL			Lasioglossum leucopus	Lasioglossum leucopus	Animalia	species
S305	INDIVIDUAL			Cteniopus sulphureus	Cteniopus sulphureus	Animalia	species
S306	INDIVIDUAL			Lepidoptera sp Or	Lepidoptera Or	Animalia	species
S307	INDIVIDUAL			Hylaeus communis	Hylaeus communis	Animalia	species
S308	INDIVIDUAL			Hoplitis spinulosus	Hoplitisinulosus	Animalia	species
S309	INDIVIDUAL			parasitica  Sen	parasitica  Sen	Animalia	species
S310	INDIVIDUAL			Coleoptera sp Gal	Coleoptera Gal	Animalia	species
S311	INDIVIDUAL			Lasioglossum fulvicorne	Lasioglossum fulvicorne	Animalia	species
S312	INDIVIDUAL			Lasioglossum tuluicorne	Lasioglossum tuluicorne	Animalia	species
S313	INDIVIDUAL			Oedemera lurida	Oedemera lurida	Animalia	species
S314	INDIVIDUAL			Epistrophe grossularia	Epistrophe grossularia	Animalia	species
S315	INDIVIDUAL			Myrmecoris gracilis	Myrmecoris gracilis	Animalia	species
S316	INDIVIDUAL			Ochlodes venata	Ochlodes venata	Animalia	species
S317	INDIVIDUAL			Anhantopus hyperantus	Anhantopus hyperantus	Animalia	species
S318	INDIVIDUAL			Epistrophe grossularia	Epistrophe grossularia	Animalia	species
S319	INDIVIDUAL			Bombus lapidarius	Bombus lapidarius	Animalia	species
S320	INDIVIDUAL			Bombus pascuorum	Bombus pascuorum	Animalia	species
S321	INDIVIDUAL			Bombus vestalis	Bombus vestalis	Animalia	species
S322	INDIVIDUAL			Lasioglossum morio	Lasioglossum morio	Animalia	species
S323	INDIVIDUAL			Meligethes solidus	Meligethes solidus	Animalia	species
S324	INDIVIDUAL			Bombus pascuorum	Bombus pascuorum	Animalia	species
S325	INDIVIDUAL			Sphecodes niger	Sphecodes niger	Animalia	species
S326	INDIVIDUAL			Strangalia maculata	Strangalia maculata	Animalia	species
S327	INDIVIDUAL			Meligethes aeneus	Meligethes aeneus	Animalia	species
S328	INDIVIDUAL			hymenoptera sp Cot	hymenoptera Cot	Animalia	species
S329	INDIVIDUAL			Meligethes aeneus	Meligethes aeneus	Animalia	species
S330	INDIVIDUAL			Lasioglossum morio	Lasioglossum morio	Animalia	species
S331	INDIVIDUAL			Melangyna umbellatarum	Melangyna umbellatarum	Animalia	species
S332	INDIVIDUAL			Oedemera lurida	Oedemera lurida	Animalia	species
S333	INDIVIDUAL			thysanoptera sp1	thysanoptera1	Animalia	species
S334	INDIVIDUAL			thysanoptera sp2	thysanoptera2	Animalia	species
S335	INDIVIDUAL			Formica fusca	Formica fusca	Animalia	species
S336	INDIVIDUAL			Meligethes aeneus	Meligethes aeneus	Animalia	species
S337	INDIVIDUAL			Lasioglossum smacthmanellum	Lasioglossum smacthmanellum	Animalia	species
S338	INDIVIDUAL			thysanoptera sp1	thysanoptera1	Animalia	species
S339	INDIVIDUAL			Bombus pascuorum	Bombus pascuorum	Animalia	species
S340	INDIVIDUAL			Meligethes aeneus	Meligethes aeneus	Animalia	species
S341	INDIVIDUAL			Apis melliferae	Apis melliferae	Animalia	species
S342	INDIVIDUAL			Meligethes aeneus	Meligethes aeneus	Animalia	species
S343	INDIVIDUAL			Formica fusca	Formica fusca	Animalia	species
S344	INDIVIDUAL			Anaspis pulicaria	Anaspis pulicaria	Animalia	species
S345	INDIVIDUAL			Bombus pascuorum	Bombus pascuorum	Animalia	species
S346	INDIVIDUAL			Formica fusca	Formica fusca	Animalia	species
S347	INDIVIDUAL			Bombus lapidarius	Bombus lapidarius	Animalia	species
S348	INDIVIDUAL			Pieris napi	Pieris napi	Animalia	species
S349	INDIVIDUAL			Rhagonycha fulva	Rhagonycha fulva	Animalia	species
S350	INDIVIDUAL			Pieris napi	Pieris napi	Animalia	species
S351	INDIVIDUAL			parasitica Ach	parasitica Ach	Animalia	species
S352	INDIVIDUAL			Gonepteryx rhamni	Gonepteryx rhamni	Animalia	species
S353	INDIVIDUAL			heteroptera sp8	heteroptera8	Animalia	species
S354	INDIVIDUAL			Bombus lapidarius	Bombus lapidarius	Animalia	species
S355	INDIVIDUAL			Bombus pascuorum	Bombus pascuorum	Animalia	species
S356	INDIVIDUAL			Platycheirus albimanus	Platycheirus albimanus	Animalia	species
S357	INDIVIDUAL			Episyrphus balteatus	Episyrphus balteatus	Animalia	species
S358	INDIVIDUAL			Platycheirus albimanus	Platycheirus albimanus	Animalia	species
S359	INDIVIDUAL			Platycheirus scutatus	Platycheirus scutatus	Animalia	species
S360	INDIVIDUAL			Lasius alienus	Lasius alienus	Animalia	species
S361	INDIVIDUAL			hymenoptera sp Cot	hymenoptera Cot	Animalia	species
S362	INDIVIDUAL			Coleoptera sp Cli	Coleoptera Cli	Animalia	species
S363	INDIVIDUAL			Sepsis cf	Sepsis cf	Animalia	species
S364	INDIVIDUAL			Lasius alienus	Lasius alienus	Animalia	species
S365	INDIVIDUAL			Bombus pascuorum	Bombus pascuorum	Animalia	species
S366	INDIVIDUAL			Eristalis arbustorum	Eristalis arbustorum	Animalia	species
S367	INDIVIDUAL			Bombus pascuorum	Bombus pascuorum	Animalia	species
S368	INDIVIDUAL			Lasioglossum morio	Lasioglossum morio	Animalia	species
S369	INDIVIDUAL			Paragus haemorrhous	Paragus haemorrhous	Animalia	species
S370	INDIVIDUAL			Bombus pascuorum	Bombus pascuorum	Animalia	species
S371	INDIVIDUAL			Epistrophe grossularia	Epistrophe grossularia	Animalia	species
S372	INDIVIDUAL			Ectemnius continuus	Ectemnius continuus	Animalia	species
S373	INDIVIDUAL			Sphaerophoria scripta	Sphaerophoria scripta	Animalia	species
S374	INDIVIDUAL			Myrmecoris gracilis	Myrmecoris gracilis	Animalia	species
S375	INDIVIDUAL			Bombus pascuorum	Bombus pascuorum	Animalia	species
S376	INDIVIDUAL			Platycheirus scutatus	Platycheirus scutatus	Animalia	species
S377	INDIVIDUAL			Coleoptera sp eup	Coleoptera eup	Animalia	species
S378	INDIVIDUAL			Eusphalerum luteum	Eusphalerum luteum	Animalia	species
S379	INDIVIDUAL			syrphidae sp Eup	syrphidae Eup	Animalia	species
S380	INDIVIDUAL			Pegoplata aestiva	Pegoplata aestiva	Animalia	species
S381	INDIVIDUAL			Episyrphus balteatus	Episyrphus balteatus	Animalia	species
S382	INDIVIDUAL			Melangyna umbellatarum	Melangyna umbellatarum	Animalia	species
S383	INDIVIDUAL			Sphaerophoria scripta	Sphaerophoria scripta	Animalia	species
S384	INDIVIDUAL			Delia sp	Delia	Animalia	species
S385	INDIVIDUAL			Episyrphus balteatus	Episyrphus balteatus	Animalia	species
S386	INDIVIDUAL			Rhinophora lepida	Rhinophora lepida	Animalia	species
S387	INDIVIDUAL			Bombus pascuorum	Bombus pascuorum	Animalia	species
S388	INDIVIDUAL			Lasioglossum calceatum	Lasioglossum calceatum	Animalia	species
S389	INDIVIDUAL			Lasioglossum morio	Lasioglossum morio	Animalia	species
S390	INDIVIDUAL			Eristalis tenax	Eristalis tenax	Animalia	species
S391	INDIVIDUAL			Syrphus ribesii	Syrphus ribesii	Animalia	species
S392	INDIVIDUAL			Syritta pipiens	Syritta pipiens	Animalia	species
S393	INDIVIDUAL			heteroptera sp7	heteroptera7	Animalia	species
S394	INDIVIDUAL			Bombus pascuorum	Bombus pascuorum	Animalia	species
S395	INDIVIDUAL			heteroptera sp7	heteroptera7	Animalia	species
S396	INDIVIDUAL			Myrmica lobicornis	Myrmica lobicornis	Animalia	species
S397	INDIVIDUAL			Episyrphus balteatus	Episyrphus balteatus	Animalia	species
S398	INDIVIDUAL			Eristalis arbustorum	Eristalis arbustorum	Animalia	species
S399	INDIVIDUAL			Platycheirus albimanus	Platycheirus albimanus	Animalia	species
S400	INDIVIDUAL			Syrphus ribesii	Syrphus ribesii	Animalia	species
S401	INDIVIDUAL			Bombus terrestris	Bombus terrestris	Animalia	species
S402	INDIVIDUAL			Halictus tumulorum	Halictus tumulorum	Animalia	species
S403	INDIVIDUAL			Centhorhynchus sp	Centhorhynchus	Animalia	species
S404	INDIVIDUAL			Mordellistena neuwaldeggiana	Mordellistena neuwaldeggiana	Animalia	species
S405	INDIVIDUAL			Anaspis pulicaria	Anaspis pulicaria	Animalia	species
S406	INDIVIDUAL			Eusphalerum luteum	Eusphalerum luteum	Animalia	species
S407	INDIVIDUAL			Anthomyiidae ind	Anthomyiidae ind	Animalia	species
S408	INDIVIDUAL			Rhinophora lepida	Rhinophora lepida	Animalia	species
S409	INDIVIDUAL			Dexiosoma caninum	Dexiosoma caninum	Animalia	species
S410	INDIVIDUAL			Eristalis intricarius	Eristalis intricarius	Animalia	species
S411	INDIVIDUAL			Meliscaeva auricollis	Meliscaeva auricollis	Animalia	species
S412	INDIVIDUAL			Platycheirus albimanus	Platycheirus albimanus	Animalia	species
S413	INDIVIDUAL			Syrphus ribesii	Syrphus ribesii	Animalia	species
S414	INDIVIDUAL			Sphaerophoria scripta	Sphaerophoria scripta	Animalia	species
S415	INDIVIDUAL			Bombus pascuorum	Bombus pascuorum	Animalia	species
S416	INDIVIDUAL			Lepidoptera sp Bud	Lepidoptera Bud	Animalia	species
S417	INDIVIDUAL			Lasioglossum morio	Lasioglossum morio	Animalia	species
S418	INDIVIDUAL			Orthocladiinae cf	Orthocladiinae cf	Animalia	species
S419	INDIVIDUAL			Lauxaniidae sp1	Lauxaniidae1	Animalia	species
S420	INDIVIDUAL			Platycheirus albimanus	Platycheirus albimanus	Animalia	species
S421	INDIVIDUAL			Syrphus vitripennis	Syrphus vitripennis	Animalia	species
S422	INDIVIDUAL			heteroptera sp7	heteroptera7	Animalia	species
S423	INDIVIDUAL			Episyrphus balteatus	Episyrphus balteatus	Animalia	species
S424	INDIVIDUAL			heteroptera sp2	heteroptera2	Animalia	species
S425	INDIVIDUAL			Sphaerophoria scripta	Sphaerophoria scripta	Animalia	species
S426	INDIVIDUAL			Bombus pascuorum	Bombus pascuorum	Animalia	species
S427	INDIVIDUAL			Platycheirus albimanus	Platycheirus albimanus	Animalia	species
S428	INDIVIDUAL			Syrphus ribesii	Syrphus ribesii	Animalia	species
S429	INDIVIDUAL			Bombus pascuorum	Bombus pascuorum	Animalia	species
S430	INDIVIDUAL			Apis melliferae	Apis melliferae	Animalia	species
S431	INDIVIDUAL			Episyrphus balteatus	Episyrphus balteatus	Animalia	species
S432	INDIVIDUAL			Platycheirus albimanus	Platycheirus albimanus	Animalia	species
S433	INDIVIDUAL			heteroptera sp9	heteroptera9	Animalia	species
S434	INDIVIDUAL			Bombus pascuorum	Bombus pascuorum	Animalia	species
S435	INDIVIDUAL			Meligethes solidus	Meligethes solidus	Animalia	species
S436	INDIVIDUAL			Episyrphus balteatus	Episyrphus balteatus	Animalia	species
S437	INDIVIDUAL			Platycheirus albimanus	Platycheirus albimanus	Animalia	species
S438	INDIVIDUAL			Episyrphus balteatus	Episyrphus balteatus	Animalia	species
S439	INDIVIDUAL			Episyrphus balteatus	Episyrphus balteatus	Animalia	species
S440	INDIVIDUAL			Bombus pascuorum	Bombus pascuorum	Animalia	species
S441	INDIVIDUAL			Episyrphus balteatus	Episyrphus balteatus	Animalia	species
S442	INDIVIDUAL			heteroptera sp7	heteroptera7	Animalia	species
S443	INDIVIDUAL			Anaspis pulicaria	Anaspis pulicaria	Animalia	species
S444	INDIVIDUAL			Polyommatus icarus	Polyommatus icarus	Animalia	species
S445	INDIVIDUAL			Polyommatus icarus	Polyommatus icarus	Animalia	species
S446	INDIVIDUAL			Lasioglossum villosulum	Lasioglossum villosulum	Animalia	species
S447	INDIVIDUAL			Anthonomus rubi	Anthonomus rubi	Animalia	species
S448	INDIVIDUAL			Pegoplata aestiva	Pegoplata aestiva	Animalia	species
S449	INDIVIDUAL			Myrmica sp3	Myrmica3	Animalia	species
S450	INDIVIDUAL			Byturus tomentosus	Byturus tomentosus	Animalia	species
S451	INDIVIDUAL			Anthonomus rubi	Anthonomus rubi	Animalia	species
S452	INDIVIDUAL			Peplomyza litura	Peplomyza litura	Animalia	species
S453	INDIVIDUAL			Ceratina cyanea	Ceratina cyanea	Animalia	species
S454	INDIVIDUAL			Eriothrix rufomaculata	Eriothrix rufomaculata	Animalia	species
S455	INDIVIDUAL			Bombus pascuorum	Bombus pascuorum	Animalia	species
S456	INDIVIDUAL			Anthomyiidae ind	Anthomyiidae ind	Animalia	species
S457	INDIVIDUAL			Pegoplata aestiva	Pegoplata aestiva	Animalia	species
S458	INDIVIDUAL			Episyrphus balteatus	Episyrphus balteatus	Animalia	species
S459	INDIVIDUAL			Eristalis tenax	Eristalis tenax	Animalia	species
S460	INDIVIDUAL			Syrphus ribesii	Syrphus ribesii	Animalia	species
S461	INDIVIDUAL			moth sp1	moth1	Animalia	species
S462	INDIVIDUAL			Paragus haemorrhous	Paragus haemorrhous	Animalia	species
S463	INDIVIDUAL			Sarcophaga spp	Sarcophagap	Animalia	species
S464	INDIVIDUAL			Metasyrphus latifasciatus	Metasyrphus latifasciatus	Animalia	species
S465	INDIVIDUAL			Paragus haemorrhous	Paragus haemorrhous	Animalia	species
S466	INDIVIDUAL			Bombus lapidarius	Bombus lapidarius	Animalia	species
S467	INDIVIDUAL			Eudorylas sp	Eudorylas	Animalia	species
S468	INDIVIDUAL			Ferdinandea cuprea	Ferdinandea cuprea	Animalia	species
S469	INDIVIDUAL			Melanostoma scalare	Melanostoma scalare	Animalia	species
S470	INDIVIDUAL			Metasyrphus corollae	Metasyrphus corollae	Animalia	species
S471	INDIVIDUAL			Lasioglossum morio	Lasioglossum morio	Animalia	species
S472	INDIVIDUAL			Melanostoma scalare	Melanostoma scalare	Animalia	species
S473	INDIVIDUAL			Metasyrphus luniger	Metasyrphus luniger	Animalia	species
S474	INDIVIDUAL			Syritta pipiens	Syritta pipiens	Animalia	species
S475	INDIVIDUAL			Melanostoma scalare	Melanostoma scalare	Animalia	species
S476	INDIVIDUAL			Lasioglossum calceatum	Lasioglossum calceatum	Animalia	species
S477	INDIVIDUAL			Lasioglossum morio	Lasioglossum morio	Animalia	species
S478	INDIVIDUAL			Brachicoma devia	Brachicoma devia	Animalia	species
S479	INDIVIDUAL			Pegoplata aestiva	Pegoplata aestiva	Animalia	species
S480	INDIVIDUAL			Lasiambia palposa	Lasiambia palposa	Animalia	species
S481	INDIVIDUAL			Conops quadrifasciatus	Conops quadrifasciatus	Animalia	species
S482	INDIVIDUAL			Eriothrix rufomaculata	Eriothrix rufomaculata	Animalia	species
S483	INDIVIDUAL			Platycheirus albimanus	Platycheirus albimanus	Animalia	species
S484	INDIVIDUAL			Trachysiphonella sp1	Trachysiphonella1	Animalia	species
S485	INDIVIDUAL			Discomyza incurva	Discomyza incurva	Animalia	species
S486	INDIVIDUAL			Paragus haemorrhous	Paragus haemorrhous	Animalia	species
S487	INDIVIDUAL			Vespula vulgaris	Vespula vulgaris	Animalia	species
S488	INDIVIDUAL			Bombus pascuorum	Bombus pascuorum	Animalia	species
S489	INDIVIDUAL			Sphaerophoria scripta	Sphaerophoria scripta	Animalia	species
S490	INDIVIDUAL			Syrphus ribesii	Syrphus ribesii	Animalia	species
S491	INDIVIDUAL			Halictus tumulorum	Halictus tumulorum	Animalia	species
S492	INDIVIDUAL			Heteronychia haemorrhoa	Heteronychia haemorrhoa	Animalia	species
S493	INDIVIDUAL			Solieria pacifica	Solieria pacifica	Animalia	species
S494	INDIVIDUAL			Meligethes cf	Meligethes cf	Animalia	species
S495	INDIVIDUAL			Meligethes atratus	Meligethes atratus	Animalia	species
S496	INDIVIDUAL			Lasioglossum albipes	Lasioglossum albipes	Animalia	species
S497	INDIVIDUAL			Sarcophaga nigriventris	Sarcophaga nigriventris	Animalia	species
S498	INDIVIDUAL			Eriothrix rufomaculata	Eriothrix rufomaculata	Animalia	species
S499	INDIVIDUAL			Bombus pascuorum	Bombus pascuorum	Animalia	species
S500	INDIVIDUAL			Apis melliferae	Apis melliferae	Animalia	species
S501	INDIVIDUAL			Bombus pascuorum	Bombus pascuorum	Animalia	species
S502	INDIVIDUAL			Hylaeus communis	Hylaeus communis	Animalia	species
S503	INDIVIDUAL			Lasioglossum morio	Lasioglossum morio	Animalia	species
S504	INDIVIDUAL			Eriothrix rufomaculata	Eriothrix rufomaculata	Animalia	species
S505	INDIVIDUAL			Meliscaeva cinctella	Meliscaeva cinctella	Animalia	species
S506	INDIVIDUAL			Sphaerophoria scripta	Sphaerophoria scripta	Animalia	species
S507	INDIVIDUAL			Syrphus ribesii	Syrphus ribesii	Animalia	species
S508	INDIVIDUAL			Lasioglossum leucopus	Lasioglossum leucopus	Animalia	species
S509	INDIVIDUAL			Lasioglossum morio	Lasioglossum morio	Animalia	species
S510	INDIVIDUAL			Meligethes aeneus	Meligethes aeneus	Animalia	species
S511	INDIVIDUAL			Sphaerophoria scripta	Sphaerophoria scripta	Animalia	species
S512	INDIVIDUAL			Bombus lapidarius	Bombus lapidarius	Animalia	species
S513	INDIVIDUAL			Episyrphus balteatus	Episyrphus balteatus	Animalia	species
S514	INDIVIDUAL			Platycheirus albimanus	Platycheirus albimanus	Animalia	species
S515	INDIVIDUAL			Hoplitis spinulosus	Hoplitisinulosus	Animalia	species
S516	INDIVIDUAL			Episyrphus balteatus	Episyrphus balteatus	Animalia	species
S517	INDIVIDUAL			Bombus pascuorum	Bombus pascuorum	Animalia	species
S518	INDIVIDUAL			Sphaerophoria scripta	Sphaerophoria scripta	Animalia	species
S519	INDIVIDUAL			Sarcophaga nigriventris	Sarcophaga nigriventris	Animalia	species
S520	INDIVIDUAL			Paragus haemorrhous	Paragus haemorrhous	Animalia	species
S521	INDIVIDUAL			Eristalis arbustorum	Eristalis arbustorum	Animalia	species
S522	INDIVIDUAL			Episyrphus balteatus	Episyrphus balteatus	Animalia	species
S523	INDIVIDUAL			Melanostoma scalare	Melanostoma scalare	Animalia	species
S524	INDIVIDUAL			Episyrphus balteatus	Episyrphus balteatus	Animalia	species
S525	INDIVIDUAL			Pyronia tithonus	Pyronia tithonus	Animalia	species
S526	INDIVIDUAL			Bombus pascuorum	Bombus pascuorum	Animalia	species
S527	INDIVIDUAL			Lasioglossum smacthmanellum	Lasioglossum smacthmanellum	Animalia	species
S528	INDIVIDUAL			Platycheirus albimanus	Platycheirus albimanus	Animalia	species
S529	INDIVIDUAL			Syritta pipiens	Syritta pipiens	Animalia	species
S530	INDIVIDUAL			Bombus pascuorum	Bombus pascuorum	Animalia	species
S531	INDIVIDUAL			Formica fusca	Formica fusca	Animalia	species
S532	INDIVIDUAL			Bombus pascuorum	Bombus pascuorum	Animalia	species
S533	INDIVIDUAL			Bombus pascuorum	Bombus pascuorum	Animalia	species
S534	INDIVIDUAL			Melanostoma millinum	Melanostoma millinum	Animalia	species
S535	INDIVIDUAL			Aglais urticae	Aglais urticae	Animalia	species
S536	INDIVIDUAL			Pyronia tithonus	Pyronia tithonus	Animalia	species
S537	INDIVIDUAL			Diptera sp Sol	Diptera Sol	Animalia	species
S538	INDIVIDUAL			Lasioglossum morio	Lasioglossum morio	Animalia	species
S539	INDIVIDUAL			Platycheirus albimanus	Platycheirus albimanus	Animalia	species
S540	INDIVIDUAL			Lasioglossum villosulum	Lasioglossum villosulum	Animalia	species
S541	INDIVIDUAL			Episyrphus balteatus	Episyrphus balteatus	Animalia	species
S542	INDIVIDUAL			Formica fusca	Formica fusca	Animalia	species
S543	INDIVIDUAL			syrphidae sp Hier	syrphidae Hier	Animalia	species
S544	INDIVIDUAL			Melanostoma scalare	Melanostoma scalare	Animalia	species
S545	INDIVIDUAL			Sphaerophoria sp	Sphaerophoria	Animalia	species
S546	INDIVIDUAL			Episyrphus balteatus	Episyrphus balteatus	Animalia	species
S547	INDIVIDUAL			syrphidae sp Cent	syrphidae Cent	Animalia	species
S548	INDIVIDUAL			Ferdinandea cuprea	Ferdinandea cuprea	Animalia	species
S549	INDIVIDUAL			Bombus terrestris	Bombus terrestris	Animalia	species
S550	INDIVIDUAL			Bombus pascuorum	Bombus pascuorum	Animalia	species
S551	INDIVIDUAL			Lasioglossum villosulum	Lasioglossum villosulum	Animalia	species
S552	INDIVIDUAL			Sphecodes niger	Sphecodes niger	Animalia	species
S553	INDIVIDUAL			Sepsis cynipsea	Sepsis cynipsea	Animalia	species
S554	INDIVIDUAL			Episyrphus balteatus	Episyrphus balteatus	Animalia	species
S555	INDIVIDUAL			Helophilus pendulus	Helophilus pendulus	Animalia	species
S556	INDIVIDUAL			Solieria pacifica	Solieria pacifica	Animalia	species
S557	INDIVIDUAL			Arge pagana	Arge pagana	Animalia	species
S558	INDIVIDUAL			parasitica Api	parasitica Api	Animalia	species
S559	INDIVIDUAL			Hylaeus hyalinatus	Hylaeus hyalinatus	Animalia	species
S560	INDIVIDUAL			syrphidae sp Ach	syrphidae Ach	Animalia	species
S561	INDIVIDUAL			heteroptera sp4	heteroptera4	Animalia	species
S562	INDIVIDUAL			Platycheirus albimanus	Platycheirus albimanus	Animalia	species
S563	INDIVIDUAL			Helophilus pendulus	Helophilus pendulus	Animalia	species
S564	INDIVIDUAL			parasitica Cli	parasitica Cli	Animalia	species
S565	INDIVIDUAL			Episyrphus balteatus	Episyrphus balteatus	Animalia	species
S566	INDIVIDUAL			Platycheirus amplus	Platycheirus amplus	Animalia	species
S567	INDIVIDUAL			Delia sp	Delia	Animalia	species
S568	INDIVIDUAL			Diptera sp Sca	Diptera Sca	Animalia	species
S569	INDIVIDUAL			Episyrphus balteatus	Episyrphus balteatus	Animalia	species
S570	INDIVIDUAL			Eristalis pertinax	Eristalis pertinax	Animalia	species
S571	INDIVIDUAL			Eupeodes luniger	Eupeodes luniger	Animalia	species
S572	INDIVIDUAL			parasitica Sca	parasitica Sca	Animalia	species
S573	INDIVIDUAL			Bombus terrestris	Bombus terrestris	Animalia	species
S574	INDIVIDUAL			Sphaerophoria scripta	Sphaerophoria scripta	Animalia	species
S575	INDIVIDUAL			hymenoptera sp Sen	hymenoptera Sen	Animalia	species
S576	INDIVIDUAL			heteroptera sp8	heteroptera8	Animalia	species
S577	INDIVIDUAL			Sarcophaga nigriventris	Sarcophaga nigriventris	Animalia	species
S578	INDIVIDUAL			Sarcophaga spp	Sarcophagap	Animalia	species
S579	INDIVIDUAL			Sarcophaga subvicina	Sarcophaga subvicina	Animalia	species
S580	INDIVIDUAL			Episyrphus balteatus	Episyrphus balteatus	Animalia	species
S581	INDIVIDUAL			Eristalis tenax	Eristalis tenax	Animalia	species
S582	INDIVIDUAL			Sphaerophoria scripta	Sphaerophoria scripta	Animalia	species
S583	INDIVIDUAL			Sphaerophoria sp	Sphaerophoria	Animalia	species
S584	INDIVIDUAL			Eristalis tenax	Eristalis tenax	Animalia	species
S585	INDIVIDUAL			Lasioglossum morio	Lasioglossum morio	Animalia	species
S586	INDIVIDUAL			Lasioglossum villosulum	Lasioglossum villosulum	Animalia	species
S587	INDIVIDUAL			Lasioglossum calceatum	Lasioglossum calceatum	Animalia	species
S588	INDIVIDUAL			Lasioglossum fulvicorne	Lasioglossum fulvicorne	Animalia	species
S589	INDIVIDUAL			Lasioglossum quadrinotatum	Lasioglossum quadrinotatum	Animalia	species
S590	INDIVIDUAL			Lasioglossum smacthmanellum	Lasioglossum smacthmanellum	Animalia	species
S591	INDIVIDUAL			Bombus pascuorum	Bombus pascuorum	Animalia	species
S592	INDIVIDUAL			Eriothrix rufomaculata	Eriothrix rufomaculata	Animalia	species
S593	INDIVIDUAL			Phasia pusilla	Phasia pusilla	Animalia	species
S594	INDIVIDUAL			Bombus sp Rub	Bombus Rub	Animalia	species
S595	INDIVIDUAL			hymenoptera sp Hier	hymenoptera Hier	Animalia	species
S596	INDIVIDUAL			Episyrphus balteatus	Episyrphus balteatus	Animalia	species
S597	INDIVIDUAL			Bombus pascuorum	Bombus pascuorum	Animalia	species
S598	INDIVIDUAL			Bombus pascuorum	Bombus pascuorum	Animalia	species
S599	INDIVIDUAL			Syrphus vitripennis	Syrphus vitripennis	Animalia	species
S600	INDIVIDUAL			Halictus tumulorum	Halictus tumulorum	Animalia	species
S601	INDIVIDUAL			Lasioglossum morio	Lasioglossum morio	Animalia	species
S602	INDIVIDUAL			Lasioglossum morio	Lasioglossum morio	Animalia	species
S603	INDIVIDUAL			Bombus pascuorum	Bombus pascuorum	Animalia	species
S604	INDIVIDUAL			Eriothrix rufomaculata	Eriothrix rufomaculata	Animalia	species
S605	INDIVIDUAL			Halictus tumulorum	Halictus tumulorum	Animalia	species
S606	INDIVIDUAL			Bombus pascuorum	Bombus pascuorum	Animalia	species
S607	INDIVIDUAL			Bombus pascuorum	Bombus pascuorum	Animalia	species
S608	INDIVIDUAL			Halictus tumulorum	Halictus tumulorum	Animalia	species
S609	INDIVIDUAL			Bombus pascuorum	Bombus pascuorum	Animalia	species
S610	INDIVIDUAL			Bombus pascuorum	Bombus pascuorum	Animalia	species
S611	INDIVIDUAL			Lasioglossum morio	Lasioglossum morio	Animalia	species
S612	INDIVIDUAL			Lasioglossum villosulum	Lasioglossum villosulum	Animalia	species
S613	INDIVIDUAL			Lucilia illustris	Lucilia illustris	Animalia	species
S614	INDIVIDUAL			Epistrophe grossularia	Epistrophe grossularia	Animalia	species
S615	INDIVIDUAL			heteroptera sp3	heteroptera3	Animalia	species
S616	INDIVIDUAL			Cheilosia soror	Cheilosia soror	Animalia	species
S617	INDIVIDUAL			Bombus vestalis	Bombus vestalis	Animalia	species
S618	INDIVIDUAL			Lasioglossum fulvicorne	Lasioglossum fulvicorne	Animalia	species
S619	INDIVIDUAL			Polyommatus icarus	Polyommatus icarus	Animalia	species
S620	INDIVIDUAL			Anthomya liturata	Anthomya liturata	Animalia	species
S621	INDIVIDUAL			Tenthredo sp	Tenthredo	Animalia	species
S622	INDIVIDUAL			Bombus pascuorum	Bombus pascuorum	Animalia	species
S623	INDIVIDUAL			Hoplitis spinulosus	Hoplitisinulosus	Animalia	species
S624	INDIVIDUAL			Bombus pascuorum	Bombus pascuorum	Animalia	species
S625	INDIVIDUAL			Ceratina cyanea	Ceratina cyanea	Animalia	species
S626	INDIVIDUAL			Lasioglossum morio	Lasioglossum morio	Animalia	species
S627	INDIVIDUAL			Lasioglossum smacthmanellum	Lasioglossum smacthmanellum	Animalia	species
S628	INDIVIDUAL			Polyommatus icarus	Polyommatus icarus	Animalia	species
S629	INDIVIDUAL			Diptera sp Cre	Diptera Cre	Animalia	species
S630	INDIVIDUAL			Dasysyrphus tricinctus	Dasysyrphus tricinctus	Animalia	species
S631	INDIVIDUAL			Sphaerophoria sp	Sphaerophoria	Animalia	species
S632	INDIVIDUAL			Bombus pascuorum	Bombus pascuorum	Animalia	species
S633	INDIVIDUAL			Myathropa florea	Myathropa florea	Animalia	species
S634	INDIVIDUAL			Syrphus ribesii	Syrphus ribesii	Animalia	species
S635	INDIVIDUAL			Ferdinandea cuprea	Ferdinandea cuprea	Animalia	species
S636	INDIVIDUAL			Bombus pascuorum	Bombus pascuorum	Animalia	species
S637	INDIVIDUAL			Epistrophe grossularia	Epistrophe grossularia	Animalia	species
S638	INDIVIDUAL			hymenoptera sp Son	hymenoptera Son	Animalia	species
S639	INDIVIDUAL			Bombus pascuorum	Bombus pascuorum	Animalia	species
S640	INDIVIDUAL			Lasioglossum leucopus	Lasioglossum leucopus	Animalia	species
S641	INDIVIDUAL			Lasioglossum morio	Lasioglossum morio	Animalia	species
S642	INDIVIDUAL			Polyommatus icarus	Polyommatus icarus	Animalia	species
S643	INDIVIDUAL			Halictus tumulorum	Halictus tumulorum	Animalia	species
S644	INDIVIDUAL			Diptera sp Rub	Diptera Rub	Animalia	species
S645	INDIVIDUAL			Lasioglossum morio	Lasioglossum morio	Animalia	species
S646	INDIVIDUAL			Myathropa florea	Myathropa florea	Animalia	species
S647	INDIVIDUAL			Vespula vulgaris	Vespula vulgaris	Animalia	species
S648	INDIVIDUAL			Halictus tumulorum	Halictus tumulorum	Animalia	species
S649	INDIVIDUAL			Pollenia rudis	Pollenia rudis	Animalia	species
S650	INDIVIDUAL			Sarcophaga subvicina	Sarcophaga subvicina	Animalia	species
S651	INDIVIDUAL			Eristalis tenax	Eristalis tenax	Animalia	species
S652	INDIVIDUAL			Lucilia illustris	Lucilia illustris	Animalia	species
S653	INDIVIDUAL			Diptera sp Sen	Diptera Sen	Animalia	species
S654	INDIVIDUAL			Bombus sp Api	Bombus Api	Animalia	species
S655	INDIVIDUAL			Bombus pascuorum	Bombus pascuorum	Animalia	species
S656	INDIVIDUAL			Bombus sp Or	Bombus Or	Animalia	species
S657	INDIVIDUAL			Halictus tumulorum	Halictus tumulorum	Animalia	species
S658	INDIVIDUAL			parasitica  Api	parasitica  Api	Animalia	species
S659	INDIVIDUAL			Formica fusca	Formica fusca	Animalia	species
S660	INDIVIDUAL			Bombus pascuorum	Bombus pascuorum	Animalia	species
S661	INDIVIDUAL			Bombus pascuorum	Bombus pascuorum	Animalia	species
S662	INDIVIDUAL			Lasioglossum parvullum	Lasioglossum parvullum	Animalia	species
S663	INDIVIDUAL			Syrphus ribesii	Syrphus ribesii	Animalia	species
S664	INDIVIDUAL			Bombus pascuorum	Bombus pascuorum	Animalia	species
S665	INDIVIDUAL			Eristalis tenax	Eristalis tenax	Animalia	species
S666	INDIVIDUAL			Syrphus ribesii	Syrphus ribesii	Animalia	species
S667	INDIVIDUAL			Diptera sp Cen	Diptera Cen	Animalia	species
S668	INDIVIDUAL			Diptera sp Hyp	Diptera Hyp	Animalia	species
S669	INDIVIDUAL			syrphidae sp Son	syrphidae Son	Animalia	species
S670	INDIVIDUAL			Syrphus ribesii	Syrphus ribesii	Animalia	species
S671	INDIVIDUAL			Melanostoma scalare	Melanostoma scalare	Animalia	species
S672	INDIVIDUAL			Helophilus pendulus	Helophilus pendulus	Animalia	species
S673	INDIVIDUAL			Hoplitis spinulosus	Hoplitisinulosus	Animalia	species
S674	INDIVIDUAL			Syrphus ribesii	Syrphus ribesii	Animalia	species
S675	INDIVIDUAL			Bombus pascuorum	Bombus pascuorum	Animalia	species
S676	INDIVIDUAL			Syrphus ribesii	Syrphus ribesii	Animalia	species
S677	INDIVIDUAL			Melanostoma scalare	Melanostoma scalare	Animalia	species
S678	INDIVIDUAL			Bombus pascuorum	Bombus pascuorum	Animalia	species
S679	INDIVIDUAL			Bombus pascuorum	Bombus pascuorum	Animalia	species
S680	INDIVIDUAL			Eristalis interruptus	Eristalis interruptus	Animalia	species
S681	INDIVIDUAL			Discomyza incurva	Discomyza incurva	Animalia	species
S682	INDIVIDUAL			Formica fusca	Formica fusca	Animalia	species
S683	INDIVIDUAL			Bombus pascuorum	Bombus pascuorum	Animalia	species
S684	INDIVIDUAL			Bombus pascuorum	Bombus pascuorum	Animalia	species
S685	INDIVIDUAL			Bombus pascuorum	Bombus pascuorum	Animalia	species
O1	INDIVIDUAL			Helianthemum nummularium	Helianthemum nummularium	Plantae	species
O2	INDIVIDUAL			Asteracea sp13	Asteracea sp13	Plantae	species
O3	INDIVIDUAL			Bellis perennis	Bellis perennis	Plantae	species
O4	INDIVIDUAL			Hieracium sp	Hieracium sp	Plantae	species
O5	INDIVIDUAL			Sorbus aria	Sorbus aria	Plantae	species
O6	INDIVIDUAL			Sorbus aria	Sorbus aria	Plantae	species
O7	INDIVIDUAL			Sorbus aria	Sorbus aria	Plantae	species
O8	INDIVIDUAL			Pilosella oficinarum	Pilosella oficinarum	Plantae	species
O9	INDIVIDUAL			Ranunculus sp1	Ranunculus sp1	Plantae	species
O10	INDIVIDUAL			Ranunculus sp1	Ranunculus sp1	Plantae	species
O11	INDIVIDUAL			Viburnum lantana	Viburnum lantana	Plantae	species
O12	INDIVIDUAL			Clinopodium acinos	Clinopodium acinos	Plantae	species
O13	INDIVIDUAL			Viburnum lantana	Viburnum lantana	Plantae	species
O14	INDIVIDUAL			Cotoneaster horizontalis	Cotoneaster horizontalis	Plantae	species
O15	INDIVIDUAL			Sanguisorba minor	Sanguisorba minor	Plantae	species
O16	INDIVIDUAL			Geranium robertianum	Geranium robertianum	Plantae	species
O17	INDIVIDUAL			Geranium robertianum	Geranium robertianum	Plantae	species
O18	INDIVIDUAL			Smyrnium olusatrum	Smyrnium olusatrum	Plantae	species
O19	INDIVIDUAL			Smyrnium olusatrum	Smyrnium olusatrum	Plantae	species
O20	INDIVIDUAL			Smyrnium olusatrum	Smyrnium olusatrum	Plantae	species
O21	INDIVIDUAL			Ulex europaeus	Ulex europaeus	Plantae	species
O22	INDIVIDUAL			Ulex europaeus	Ulex europaeus	Plantae	species
O23	INDIVIDUAL			Ulex europaeus	Ulex europaeus	Plantae	species
O24	INDIVIDUAL			Ulex europaeus	Ulex europaeus	Plantae	species
O25	INDIVIDUAL			Trinia glauca	Trinia glauca	Plantae	species
O26	INDIVIDUAL			Trinia glauca	Trinia glauca	Plantae	species
O27	INDIVIDUAL			Crataegus monogyna	Crataegus monogyna	Plantae	species
O28	INDIVIDUAL			Crataegus monogyna	Crataegus monogyna	Plantae	species
O29	INDIVIDUAL			Crataegus monogyna	Crataegus monogyna	Plantae	species
O30	INDIVIDUAL			Crataegus monogyna	Crataegus monogyna	Plantae	species
O31	INDIVIDUAL			Crataegus monogyna	Crataegus monogyna	Plantae	species
O32	INDIVIDUAL			Crataegus monogyna	Crataegus monogyna	Plantae	species
O33	INDIVIDUAL			Helianthemum nummularium	Helianthemum nummularium	Plantae	species
O34	INDIVIDUAL			Asteracea sp13	Asteracea sp13	Plantae	species
O35	INDIVIDUAL			Bellis perennis	Bellis perennis	Plantae	species
O36	INDIVIDUAL			Pilosella oficinarum	Pilosella oficinarum	Plantae	species
O37	INDIVIDUAL			Ranunculus sp1	Ranunculus sp1	Plantae	species
O38	INDIVIDUAL			Potentilla sterilis	Potentilla sterilis	Plantae	species
O39	INDIVIDUAL			Viburnum lantana	Viburnum lantana	Plantae	species
O40	INDIVIDUAL			Clinopodium acinos	Clinopodium acinos	Plantae	species
O41	INDIVIDUAL			Geranium robertianum	Geranium robertianum	Plantae	species
O42	INDIVIDUAL			Smyrnium olusatrum	Smyrnium olusatrum	Plantae	species
O43	INDIVIDUAL			Smyrnium olusatrum	Smyrnium olusatrum	Plantae	species
O44	INDIVIDUAL			Smyrnium olusatrum	Smyrnium olusatrum	Plantae	species
O45	INDIVIDUAL			Trinia glauca	Trinia glauca	Plantae	species
O46	INDIVIDUAL			Trinia glauca	Trinia glauca	Plantae	species
O47	INDIVIDUAL			Crataegus monogyna	Crataegus monogyna	Plantae	species
O48	INDIVIDUAL			Crataegus monogyna	Crataegus monogyna	Plantae	species
O49	INDIVIDUAL			Crataegus monogyna	Crataegus monogyna	Plantae	species
O50	INDIVIDUAL			Asteracea sp13	Asteracea sp13	Plantae	species
O51	INDIVIDUAL			Sorbus aria	Sorbus aria	Plantae	species
O52	INDIVIDUAL			Viburnum lantana	Viburnum lantana	Plantae	species
O53	INDIVIDUAL			Crataegus monogyna	Crataegus monogyna	Plantae	species
O54	INDIVIDUAL			Trinia glauca	Trinia glauca	Plantae	species
O55	INDIVIDUAL			Ranunculus sp1	Ranunculus sp1	Plantae	species
O56	INDIVIDUAL			Ranunculus sp1	Ranunculus sp1	Plantae	species
O57	INDIVIDUAL			Geranium robertianum	Geranium robertianum	Plantae	species
O58	INDIVIDUAL			Ulex europaeus	Ulex europaeus	Plantae	species
O59	INDIVIDUAL			Cotoneaster horizontalis	Cotoneaster horizontalis	Plantae	species
O60	INDIVIDUAL			Smyrnium olusatrum	Smyrnium olusatrum	Plantae	species
O61	INDIVIDUAL			Ranunculus sp1	Ranunculus sp1	Plantae	species
O62	INDIVIDUAL			Plantago lanceolata	Plantago lanceolata	Plantae	species
O63	INDIVIDUAL			Lactuca serriola	Lactuca serriola	Plantae	species
O64	INDIVIDUAL			Helianthemum nummularium	Helianthemum nummularium	Plantae	species
O65	INDIVIDUAL			Helianthemum nummularium	Helianthemum nummularium	Plantae	species
O66	INDIVIDUAL			Hedera helix	Hedera helix	Plantae	species
O67	INDIVIDUAL			Hedera helix	Hedera helix	Plantae	species
O68	INDIVIDUAL			Scabiosa columbaria	Scabiosa columbaria	Plantae	species
O69	INDIVIDUAL			Scabiosa columbaria	Scabiosa columbaria	Plantae	species
O70	INDIVIDUAL			Hieracium sp	Hieracium sp	Plantae	species
O71	INDIVIDUAL			Hieracium sp	Hieracium sp	Plantae	species
O72	INDIVIDUAL			Hieracium sp	Hieracium sp	Plantae	species
O73	INDIVIDUAL			Hieracium sp	Hieracium sp	Plantae	species
O74	INDIVIDUAL			Geranium robertianum	Geranium robertianum	Plantae	species
O75	INDIVIDUAL			Senecio jacobaea	Senecio jacobaea	Plantae	species
O76	INDIVIDUAL			Senecio sp1	Senecio sp1	Plantae	species
O77	INDIVIDUAL			Senecio sp1	Senecio sp1	Plantae	species
O78	INDIVIDUAL			Origanum vulgare	Origanum vulgare	Plantae	species
O79	INDIVIDUAL			Centranthus ruber	Centranthus ruber	Plantae	species
O80	INDIVIDUAL			Torilis japonica	Torilis japonica	Plantae	species
O81	INDIVIDUAL			Solidago virgaurea	Solidago virgaurea	Plantae	species
O82	INDIVIDUAL			Solidago virgaurea	Solidago virgaurea	Plantae	species
O83	INDIVIDUAL			Solidago virgaurea	Solidago virgaurea	Plantae	species
O84	INDIVIDUAL			Solidago virgaurea	Solidago virgaurea	Plantae	species
O85	INDIVIDUAL			Solidago virgaurea	Solidago virgaurea	Plantae	species
O86	INDIVIDUAL			Solidago virgaurea	Solidago virgaurea	Plantae	species
O87	INDIVIDUAL			Helianthemum nummularium	Helianthemum nummularium	Plantae	species
O88	INDIVIDUAL			Scabiosa columbaria	Scabiosa columbaria	Plantae	species
O89	INDIVIDUAL			Geranium robertianum	Geranium robertianum	Plantae	species
O90	INDIVIDUAL			Crepis sp	Crepis sp	Plantae	species
O91	INDIVIDUAL			Clinopodium ascendens	Clinopodium ascendens	Plantae	species
O92	INDIVIDUAL			Solidago virgaurea	Solidago virgaurea	Plantae	species
O93	INDIVIDUAL			Scabiosa columbaria	Scabiosa columbaria	Plantae	species
O94	INDIVIDUAL			Hieracium sp	Hieracium sp	Plantae	species
O95	INDIVIDUAL			Hedera helix	Hedera helix	Plantae	species
O96	INDIVIDUAL			Crepis sp	Crepis sp	Plantae	species
O97	INDIVIDUAL			Ranunculus sp2	Ranunculus sp2	Plantae	species
O98	INDIVIDUAL			Ranunculus sp2	Ranunculus sp2	Plantae	species
O99	INDIVIDUAL			Lactuca serriola	Lactuca serriola	Plantae	species
O100	INDIVIDUAL			Lactuca serriola	Lactuca serriola	Plantae	species
O101	INDIVIDUAL			Lactuca serriola	Lactuca serriola	Plantae	species
O102	INDIVIDUAL			Senecio sp1	Senecio sp1	Plantae	species
O103	INDIVIDUAL			Geranium robertianum	Geranium robertianum	Plantae	species
O104	INDIVIDUAL			Hedera helix	Hedera helix	Plantae	species
O105	INDIVIDUAL			Senecio jacobaea	Senecio jacobaea	Plantae	species
O106	INDIVIDUAL			Senecio jacobaea	Senecio jacobaea	Plantae	species
O107	INDIVIDUAL			Centranthus ruber	Centranthus ruber	Plantae	species
O108	INDIVIDUAL			Solidago virgaurea	Solidago virgaurea	Plantae	species
O109	INDIVIDUAL			Carlina vulgaris	Carlina vulgaris	Plantae	species
O110	INDIVIDUAL			Solidago virgaurea	Solidago virgaurea	Plantae	species
O111	INDIVIDUAL			Hedera helix	Hedera helix	Plantae	species
O112	INDIVIDUAL			Plantago lanceolata	Plantago lanceolata	Plantae	species
O113	INDIVIDUAL			Pilosella oficinarum	Pilosella oficinarum	Plantae	species
O114	INDIVIDUAL			Sanguisorba minor	Sanguisorba minor	Plantae	species
O115	INDIVIDUAL			Ranunculus sp1	Ranunculus sp1	Plantae	species
O116	INDIVIDUAL			Hieracium sp	Hieracium sp	Plantae	species
O117	INDIVIDUAL			Pilosella oficinarum	Pilosella oficinarum	Plantae	species
O118	INDIVIDUAL			Sanguisorba minor	Sanguisorba minor	Plantae	species
O119	INDIVIDUAL			Centranthus ruber	Centranthus ruber	Plantae	species
O120	INDIVIDUAL			Centranthus ruber	Centranthus ruber	Plantae	species
O121	INDIVIDUAL			Ligustrum vulgare	Ligustrum vulgare	Plantae	species
O122	INDIVIDUAL			Helianthemum nummularium	Helianthemum nummularium	Plantae	species
O123	INDIVIDUAL			Helianthemum nummularium	Helianthemum nummularium	Plantae	species
O124	INDIVIDUAL			Ulex europaeus	Ulex europaeus	Plantae	species
O125	INDIVIDUAL			Trinia glauca	Trinia glauca	Plantae	species
O126	INDIVIDUAL			Sorbus aria	Sorbus aria	Plantae	species
O127	INDIVIDUAL			Clinopodium acinos	Clinopodium acinos	Plantae	species
O128	INDIVIDUAL			Clinopodium acinos	Clinopodium acinos	Plantae	species
O129	INDIVIDUAL			Geranium robertianum	Geranium robertianum	Plantae	species
O130	INDIVIDUAL			Rosa canina	Rosa canina	Plantae	species
O131	INDIVIDUAL			Geranium robertianum	Geranium robertianum	Plantae	species
O132	INDIVIDUAL			Rosa canina	Rosa canina	Plantae	species
O133	INDIVIDUAL			Lotus corniculatus	Lotus corniculatus	Plantae	species
O134	INDIVIDUAL			Hippocrepis comosa	Hippocrepis comosa	Plantae	species
O135	INDIVIDUAL			Hippocrepis comosa	Hippocrepis comosa	Plantae	species
O136	INDIVIDUAL			Lotus corniculatus	Lotus corniculatus	Plantae	species
O137	INDIVIDUAL			Hippocrepis comosa	Hippocrepis comosa	Plantae	species
O138	INDIVIDUAL			Lotus corniculatus	Lotus corniculatus	Plantae	species
O139	INDIVIDUAL			Smyrnium olusatrum	Smyrnium olusatrum	Plantae	species
O140	INDIVIDUAL			Tamus communis	Tamus communis	Plantae	species
O141	INDIVIDUAL			Hieracium sp	Hieracium sp	Plantae	species
O142	INDIVIDUAL			Potentilla sterilis	Potentilla sterilis	Plantae	species
O143	INDIVIDUAL			Hieracium sp	Hieracium sp	Plantae	species
O144	INDIVIDUAL			Ulex europaeus	Ulex europaeus	Plantae	species
O145	INDIVIDUAL			Cornus sanguinea	Cornus sanguinea	Plantae	species
O146	INDIVIDUAL			Cornus sanguinea	Cornus sanguinea	Plantae	species
O147	INDIVIDUAL			Geranium robertianum	Geranium robertianum	Plantae	species
O148	INDIVIDUAL			Sanguisorba minor	Sanguisorba minor	Plantae	species
O149	INDIVIDUAL			Rosa canina	Rosa canina	Plantae	species
O150	INDIVIDUAL			Pilosella oficinarum	Pilosella oficinarum	Plantae	species
O151	INDIVIDUAL			Ulex europaeus	Ulex europaeus	Plantae	species
O152	INDIVIDUAL			Trinia glauca	Trinia glauca	Plantae	species
O153	INDIVIDUAL			Sorbus aria	Sorbus aria	Plantae	species
O154	INDIVIDUAL			Cornus sanguinea	Cornus sanguinea	Plantae	species
O155	INDIVIDUAL			Ranunculus sp1	Ranunculus sp1	Plantae	species
O156	INDIVIDUAL			Potentilla sterilis	Potentilla sterilis	Plantae	species
O157	INDIVIDUAL			Trinia glauca	Trinia glauca	Plantae	species
O158	INDIVIDUAL			Smyrnium olusatrum	Smyrnium olusatrum	Plantae	species
O159	INDIVIDUAL			Centranthus ruber	Centranthus ruber	Plantae	species
O160	INDIVIDUAL			Geum urbanum	Geum urbanum	Plantae	species
O161	INDIVIDUAL			Leucanthemum vulgare	Leucanthemum vulgare	Plantae	species
O162	INDIVIDUAL			Rubus fructicosus	Rubus fructicosus	Plantae	species
O163	INDIVIDUAL			Rubus fructicosus	Rubus fructicosus	Plantae	species
O164	INDIVIDUAL			Rubus fructicosus	Rubus fructicosus	Plantae	species
O165	INDIVIDUAL			Pilosella oficinarum	Pilosella oficinarum	Plantae	species
O166	INDIVIDUAL			Pilosella oficinarum	Pilosella oficinarum	Plantae	species
O167	INDIVIDUAL			Crepis sp	Crepis sp	Plantae	species
O168	INDIVIDUAL			Hieracium sp	Hieracium sp	Plantae	species
O169	INDIVIDUAL			Hieracium sp	Hieracium sp	Plantae	species
O170	INDIVIDUAL			Thymus polytrichus	Thymus polytrichus	Plantae	species
O171	INDIVIDUAL			Thymus polytrichus	Thymus polytrichus	Plantae	species
O172	INDIVIDUAL			Thymus polytrichus	Thymus polytrichus	Plantae	species
O173	INDIVIDUAL			Cotoneaster franchetti	Cotoneaster franchetti	Plantae	species
O174	INDIVIDUAL			Cotoneaster franchetti	Cotoneaster franchetti	Plantae	species
O175	INDIVIDUAL			Centranthus ruber	Centranthus ruber	Plantae	species
O176	INDIVIDUAL			Centranthus ruber	Centranthus ruber	Plantae	species
O177	INDIVIDUAL			Trifolium pratense	Trifolium pratense	Plantae	species
O178	INDIVIDUAL			Trifolium pratense	Trifolium pratense	Plantae	species
O179	INDIVIDUAL			Geranium robertianum	Geranium robertianum	Plantae	species
O180	INDIVIDUAL			Geranium robertianum	Geranium robertianum	Plantae	species
O181	INDIVIDUAL			Rosa canina	Rosa canina	Plantae	species
O182	INDIVIDUAL			Helianthemum nummularium	Helianthemum nummularium	Plantae	species
O183	INDIVIDUAL			Helianthemum nummularium	Helianthemum nummularium	Plantae	species
O184	INDIVIDUAL			Ligustrum vulgare	Ligustrum vulgare	Plantae	species
O185	INDIVIDUAL			Ligustrum vulgare	Ligustrum vulgare	Plantae	species
O186	INDIVIDUAL			Ligustrum vulgare	Ligustrum vulgare	Plantae	species
O187	INDIVIDUAL			Ligustrum vulgare	Ligustrum vulgare	Plantae	species
O188	INDIVIDUAL			Scabiosa columbaria	Scabiosa columbaria	Plantae	species
O189	INDIVIDUAL			Achillea millefolium	Achillea millefolium	Plantae	species
O190	INDIVIDUAL			Lotus corniculatus	Lotus corniculatus	Plantae	species
O191	INDIVIDUAL			Centranthus ruber	Centranthus ruber	Plantae	species
O192	INDIVIDUAL			Centranthus ruber	Centranthus ruber	Plantae	species
O193	INDIVIDUAL			Hippocrepis comosa	Hippocrepis comosa	Plantae	species
O194	INDIVIDUAL			Rosa canina	Rosa canina	Plantae	species
O195	INDIVIDUAL			Helianthemum nummularium	Helianthemum nummularium	Plantae	species
O196	INDIVIDUAL			Crepis sp	Crepis sp	Plantae	species
O197	INDIVIDUAL			Helianthemum nummularium	Helianthemum nummularium	Plantae	species
O198	INDIVIDUAL			Ligustrum vulgare	Ligustrum vulgare	Plantae	species
O199	INDIVIDUAL			Ligustrum vulgare	Ligustrum vulgare	Plantae	species
O200	INDIVIDUAL			Rosa canina	Rosa canina	Plantae	species
O201	INDIVIDUAL			Helianthemum nummularium	Helianthemum nummularium	Plantae	species
O202	INDIVIDUAL			Helianthemum nummularium	Helianthemum nummularium	Plantae	species
O203	INDIVIDUAL			Helianthemum nummularium	Helianthemum nummularium	Plantae	species
O204	INDIVIDUAL			Rosa arvensis	Rosa arvensis	Plantae	species
O205	INDIVIDUAL			Hieracium sp	Hieracium sp	Plantae	species
O206	INDIVIDUAL			Hieracium sp	Hieracium sp	Plantae	species
O207	INDIVIDUAL			Hieracium sp	Hieracium sp	Plantae	species
O208	INDIVIDUAL			Hieracium sp	Hieracium sp	Plantae	species
O209	INDIVIDUAL			Pilosella oficinarum	Pilosella oficinarum	Plantae	species
O210	INDIVIDUAL			Rubus fructicosus	Rubus fructicosus	Plantae	species
O211	INDIVIDUAL			Helianthemum nummularium	Helianthemum nummularium	Plantae	species
O212	INDIVIDUAL			Helianthemum nummularium	Helianthemum nummularium	Plantae	species
O213	INDIVIDUAL			Helianthemum nummularium	Helianthemum nummularium	Plantae	species
O214	INDIVIDUAL			Scabiosa columbaria	Scabiosa columbaria	Plantae	species
O215	INDIVIDUAL			Scabiosa columbaria	Scabiosa columbaria	Plantae	species
O216	INDIVIDUAL			Scabiosa columbaria	Scabiosa columbaria	Plantae	species
O217	INDIVIDUAL			Centranthus ruber	Centranthus ruber	Plantae	species
O218	INDIVIDUAL			Centranthus ruber	Centranthus ruber	Plantae	species
O219	INDIVIDUAL			Centranthus ruber	Centranthus ruber	Plantae	species
O220	INDIVIDUAL			Centranthus ruber	Centranthus ruber	Plantae	species
O221	INDIVIDUAL			Achillea millefolium	Achillea millefolium	Plantae	species
O222	INDIVIDUAL			Achillea millefolium	Achillea millefolium	Plantae	species
O223	INDIVIDUAL			Crepis sp	Crepis sp	Plantae	species
O224	INDIVIDUAL			Crepis sp	Crepis sp	Plantae	species
O225	INDIVIDUAL			Origanum vulgare	Origanum vulgare	Plantae	species
O226	INDIVIDUAL			Crepis sp	Crepis sp	Plantae	species
O227	INDIVIDUAL			Hypericum perforatum	Hypericum perforatum	Plantae	species
O228	INDIVIDUAL			Hypericum perforatum	Hypericum perforatum	Plantae	species
O229	INDIVIDUAL			Medicago lupulina	Medicago lupulina	Plantae	species
O230	INDIVIDUAL			Medicago lupulina	Medicago lupulina	Plantae	species
O231	INDIVIDUAL			Rosa arvensis	Rosa arvensis	Plantae	species
O232	INDIVIDUAL			Rosa arvensis	Rosa arvensis	Plantae	species
O233	INDIVIDUAL			Rosa arvensis	Rosa arvensis	Plantae	species
O234	INDIVIDUAL			Rosa arvensis	Rosa arvensis	Plantae	species
O235	INDIVIDUAL			Thymus polytrichus	Thymus polytrichus	Plantae	species
O236	INDIVIDUAL			Thymus polytrichus	Thymus polytrichus	Plantae	species
O237	INDIVIDUAL			Ligustrum vulgare	Ligustrum vulgare	Plantae	species
O238	INDIVIDUAL			Ligustrum vulgare	Ligustrum vulgare	Plantae	species
O239	INDIVIDUAL			Ligustrum vulgare	Ligustrum vulgare	Plantae	species
O240	INDIVIDUAL			Ligustrum vulgare	Ligustrum vulgare	Plantae	species
O241	INDIVIDUAL			Rosa arvensis	Rosa arvensis	Plantae	species
O242	INDIVIDUAL			Cotoneaster franchetti	Cotoneaster franchetti	Plantae	species
O243	INDIVIDUAL			Cotoneaster franchetti	Cotoneaster franchetti	Plantae	species
O244	INDIVIDUAL			Rubus fructicosus	Rubus fructicosus	Plantae	species
O245	INDIVIDUAL			Rubus fructicosus	Rubus fructicosus	Plantae	species
O246	INDIVIDUAL			Mycelis muralis	Mycelis muralis	Plantae	species
O247	INDIVIDUAL			Mycelis muralis	Mycelis muralis	Plantae	species
O248	INDIVIDUAL			Hieracium sp	Hieracium sp	Plantae	species
O249	INDIVIDUAL			Lactuca serriola	Lactuca serriola	Plantae	species
O250	INDIVIDUAL			Scabiosa columbaria	Scabiosa columbaria	Plantae	species
O251	INDIVIDUAL			Scabiosa columbaria	Scabiosa columbaria	Plantae	species
O252	INDIVIDUAL			Scabiosa columbaria	Scabiosa columbaria	Plantae	species
O253	INDIVIDUAL			Centranthus ruber	Centranthus ruber	Plantae	species
O254	INDIVIDUAL			Geranium robertianum	Geranium robertianum	Plantae	species
O255	INDIVIDUAL			Helianthemum nummularium	Helianthemum nummularium	Plantae	species
O256	INDIVIDUAL			Cotoneaster franchetti	Cotoneaster franchetti	Plantae	species
O257	INDIVIDUAL			Centranthus ruber	Centranthus ruber	Plantae	species
O258	INDIVIDUAL			Achillea millefolium	Achillea millefolium	Plantae	species
O259	INDIVIDUAL			Origanum vulgare	Origanum vulgare	Plantae	species
O260	INDIVIDUAL			Teucrium scorodonia	Teucrium scorodonia	Plantae	species
O261	INDIVIDUAL			Achillea millefolium	Achillea millefolium	Plantae	species
O262	INDIVIDUAL			Origanum vulgare	Origanum vulgare	Plantae	species
O263	INDIVIDUAL			Cotoneaster franchetti	Cotoneaster franchetti	Plantae	species
O264	INDIVIDUAL			Origanum vulgare	Origanum vulgare	Plantae	species
O265	INDIVIDUAL			Ligustrum vulgare	Ligustrum vulgare	Plantae	species
O266	INDIVIDUAL			Lactuca serriola	Lactuca serriola	Plantae	species
O267	INDIVIDUAL			Helianthemum nummularium	Helianthemum nummularium	Plantae	species
O268	INDIVIDUAL			Crepis sp	Crepis sp	Plantae	species
O269	INDIVIDUAL			Allium sphaerocephalon	Allium sphaerocephalon	Plantae	species
O270	INDIVIDUAL			Allium sphaerocephalon	Allium sphaerocephalon	Plantae	species
O271	INDIVIDUAL			Teucrium scorodonia	Teucrium scorodonia	Plantae	species
O272	INDIVIDUAL			Scabiosa columbaria	Scabiosa columbaria	Plantae	species
O273	INDIVIDUAL			Scabiosa columbaria	Scabiosa columbaria	Plantae	species
O274	INDIVIDUAL			Scabiosa columbaria	Scabiosa columbaria	Plantae	species
O275	INDIVIDUAL			Hieracium sp	Hieracium sp	Plantae	species
O276	INDIVIDUAL			Scabiosa columbaria	Scabiosa columbaria	Plantae	species
O277	INDIVIDUAL			Verbascum thapsus	Verbascum thapsus	Plantae	species
O278	INDIVIDUAL			Geum urbanum	Geum urbanum	Plantae	species
O279	INDIVIDUAL			Rosa arvensis	Rosa arvensis	Plantae	species
O280	INDIVIDUAL			Helianthemum nummularium	Helianthemum nummularium	Plantae	species
O281	INDIVIDUAL			Lactuca serriola	Lactuca serriola	Plantae	species
O282	INDIVIDUAL			Helianthemum nummularium	Helianthemum nummularium	Plantae	species
O283	INDIVIDUAL			Clematis vitalba	Clematis vitalba	Plantae	species
O284	INDIVIDUAL			Crepis sp	Crepis sp	Plantae	species
O285	INDIVIDUAL			Crepis sp	Crepis sp	Plantae	species
O286	INDIVIDUAL			Crepis sp	Crepis sp	Plantae	species
O287	INDIVIDUAL			Crepis sp	Crepis sp	Plantae	species
O288	INDIVIDUAL			Achillea millefolium	Achillea millefolium	Plantae	species
O289	INDIVIDUAL			Achillea millefolium	Achillea millefolium	Plantae	species
O290	INDIVIDUAL			Geranium robertianum	Geranium robertianum	Plantae	species
O291	INDIVIDUAL			Geranium robertianum	Geranium robertianum	Plantae	species
O292	INDIVIDUAL			Geranium robertianum	Geranium robertianum	Plantae	species
O293	INDIVIDUAL			Ligustrum vulgare	Ligustrum vulgare	Plantae	species
O294	INDIVIDUAL			Rubus fructicosus	Rubus fructicosus	Plantae	species
O295	INDIVIDUAL			Cotoneaster franchetti	Cotoneaster franchetti	Plantae	species
O296	INDIVIDUAL			Cotoneaster franchetti	Cotoneaster franchetti	Plantae	species
O297	INDIVIDUAL			Cotoneaster franchetti	Cotoneaster franchetti	Plantae	species
O298	INDIVIDUAL			Mycelis muralis	Mycelis muralis	Plantae	species
O299	INDIVIDUAL			Mycelis muralis	Mycelis muralis	Plantae	species
O300	INDIVIDUAL			Mycelis muralis	Mycelis muralis	Plantae	species
O301	INDIVIDUAL			Thymus polytrichus	Thymus polytrichus	Plantae	species
O302	INDIVIDUAL			Allium sphaerocephalon	Allium sphaerocephalon	Plantae	species
O303	INDIVIDUAL			Allium sphaerocephalon	Allium sphaerocephalon	Plantae	species
O304	INDIVIDUAL			Allium sphaerocephalon	Allium sphaerocephalon	Plantae	species
O305	INDIVIDUAL			Allium sphaerocephalon	Allium sphaerocephalon	Plantae	species
O306	INDIVIDUAL			Origanum vulgare	Origanum vulgare	Plantae	species
O307	INDIVIDUAL			Senecio sp1	Senecio sp1	Plantae	species
O308	INDIVIDUAL			Senecio sp1	Senecio sp1	Plantae	species
O309	INDIVIDUAL			Senecio sp1	Senecio sp1	Plantae	species
O310	INDIVIDUAL			Galium verum	Galium verum	Plantae	species
O311	INDIVIDUAL			Centranthus ruber	Centranthus ruber	Plantae	species
O312	INDIVIDUAL			Centranthus ruber	Centranthus ruber	Plantae	species
O313	INDIVIDUAL			Centranthus ruber	Centranthus ruber	Plantae	species
O314	INDIVIDUAL			Centranthus ruber	Centranthus ruber	Plantae	species
O315	INDIVIDUAL			Centranthus ruber	Centranthus ruber	Plantae	species
O316	INDIVIDUAL			Teucrium scorodonia	Teucrium scorodonia	Plantae	species
O317	INDIVIDUAL			Teucrium scorodonia	Teucrium scorodonia	Plantae	species
O318	INDIVIDUAL			Teucrium scorodonia	Teucrium scorodonia	Plantae	species
O319	INDIVIDUAL			Rubus fructicosus	Rubus fructicosus	Plantae	species
O320	INDIVIDUAL			Rubus fructicosus	Rubus fructicosus	Plantae	species
O321	INDIVIDUAL			Origanum vulgare	Origanum vulgare	Plantae	species
O322	INDIVIDUAL			Origanum vulgare	Origanum vulgare	Plantae	species
O323	INDIVIDUAL			Verbascum thapsus	Verbascum thapsus	Plantae	species
O324	INDIVIDUAL			Rosa arvensis	Rosa arvensis	Plantae	species
O325	INDIVIDUAL			Achillea millefolium	Achillea millefolium	Plantae	species
O326	INDIVIDUAL			Rubus fructicosus	Rubus fructicosus	Plantae	species
O327	INDIVIDUAL			Rubus fructicosus	Rubus fructicosus	Plantae	species
O328	INDIVIDUAL			Cotoneaster franchetti	Cotoneaster franchetti	Plantae	species
O329	INDIVIDUAL			Mycelis muralis	Mycelis muralis	Plantae	species
O330	INDIVIDUAL			Allium sphaerocephalon	Allium sphaerocephalon	Plantae	species
O331	INDIVIDUAL			Origanum vulgare	Origanum vulgare	Plantae	species
O332	INDIVIDUAL			Senecio sp1	Senecio sp1	Plantae	species
O333	INDIVIDUAL			Senecio sp1	Senecio sp1	Plantae	species
O334	INDIVIDUAL			Senecio sp1	Senecio sp1	Plantae	species
O335	INDIVIDUAL			Galium verum	Galium verum	Plantae	species
O336	INDIVIDUAL			Rosa arvensis	Rosa arvensis	Plantae	species
O337	INDIVIDUAL			Allium sphaerocephalon	Allium sphaerocephalon	Plantae	species
O338	INDIVIDUAL			Crepis sp	Crepis sp	Plantae	species
O339	INDIVIDUAL			Teucrium scorodonia	Teucrium scorodonia	Plantae	species
O340	INDIVIDUAL			Geranium robertianum	Geranium robertianum	Plantae	species
O341	INDIVIDUAL			Rubus fructicosus	Rubus fructicosus	Plantae	species
O342	INDIVIDUAL			Origanum vulgare	Origanum vulgare	Plantae	species
O343	INDIVIDUAL			Cotoneaster franchetti	Cotoneaster franchetti	Plantae	species
O344	INDIVIDUAL			Rubus fructicosus	Rubus fructicosus	Plantae	species
O345	INDIVIDUAL			Hypericum perforatum	Hypericum perforatum	Plantae	species
O346	INDIVIDUAL			Cotoneaster franchetti	Cotoneaster franchetti	Plantae	species
O347	INDIVIDUAL			Scabiosa columbaria	Scabiosa columbaria	Plantae	species
O348	INDIVIDUAL			Scabiosa columbaria	Scabiosa columbaria	Plantae	species
O349	INDIVIDUAL			Eupatorium cannabinum	Eupatorium cannabinum	Plantae	species
O350	INDIVIDUAL			Helianthemum nummularium	Helianthemum nummularium	Plantae	species
O351	INDIVIDUAL			Achillea millefolium	Achillea millefolium	Plantae	species
O352	INDIVIDUAL			Origanum vulgare	Origanum vulgare	Plantae	species
O353	INDIVIDUAL			Origanum vulgare	Origanum vulgare	Plantae	species
O354	INDIVIDUAL			Senecio sp1	Senecio sp1	Plantae	species
O355	INDIVIDUAL			Pilosella oficinarum	Pilosella oficinarum	Plantae	species
O356	INDIVIDUAL			Hieracium sp	Hieracium sp	Plantae	species
O357	INDIVIDUAL			Solanum dulcamara	Solanum dulcamara	Plantae	species
O358	INDIVIDUAL			Asteraceae ScRuderalia	Asteraceae ScRuderalia	Plantae	species
O359	INDIVIDUAL			Hypericum perforatum	Hypericum perforatum	Plantae	species
O360	INDIVIDUAL			Cotoneaster franchetti	Cotoneaster franchetti	Plantae	species
O361	INDIVIDUAL			Cotoneaster franchetti	Cotoneaster franchetti	Plantae	species
O362	INDIVIDUAL			Clinopodium vulgare	Clinopodium vulgare	Plantae	species
O363	INDIVIDUAL			Clinopodium vulgare	Clinopodium vulgare	Plantae	species
O364	INDIVIDUAL			Scabiosa columbaria	Scabiosa columbaria	Plantae	species
O365	INDIVIDUAL			Scabiosa columbaria	Scabiosa columbaria	Plantae	species
O366	INDIVIDUAL			Scabiosa columbaria	Scabiosa columbaria	Plantae	species
O367	INDIVIDUAL			Solidago virgaurea	Solidago virgaurea	Plantae	species
O368	INDIVIDUAL			Solidago virgaurea	Solidago virgaurea	Plantae	species
O369	INDIVIDUAL			Solidago virgaurea	Solidago virgaurea	Plantae	species
O370	INDIVIDUAL			Torilis japonica	Torilis japonica	Plantae	species
O371	INDIVIDUAL			Torilis japonica	Torilis japonica	Plantae	species
O372	INDIVIDUAL			Torilis japonica	Torilis japonica	Plantae	species
O373	INDIVIDUAL			Allium sphaerocephalon	Allium sphaerocephalon	Plantae	species
O374	INDIVIDUAL			Allium sphaerocephalon	Allium sphaerocephalon	Plantae	species
O375	INDIVIDUAL			Centranthus ruber	Centranthus ruber	Plantae	species
O376	INDIVIDUAL			Mycelis muralis	Mycelis muralis	Plantae	species
O377	INDIVIDUAL			Eupatorium cannabinum	Eupatorium cannabinum	Plantae	species
O378	INDIVIDUAL			Eupatorium cannabinum	Eupatorium cannabinum	Plantae	species
O379	INDIVIDUAL			Eupatorium cannabinum	Eupatorium cannabinum	Plantae	species
O380	INDIVIDUAL			Helianthemum nummularium	Helianthemum nummularium	Plantae	species
O381	INDIVIDUAL			Helianthemum nummularium	Helianthemum nummularium	Plantae	species
O382	INDIVIDUAL			Helianthemum nummularium	Helianthemum nummularium	Plantae	species
O383	INDIVIDUAL			Helianthemum nummularium	Helianthemum nummularium	Plantae	species
O384	INDIVIDUAL			Lactuca serriola	Lactuca serriola	Plantae	species
O385	INDIVIDUAL			Lactuca serriola	Lactuca serriola	Plantae	species
O386	INDIVIDUAL			Geranium rotundifolia	Geranium rotundifolia	Plantae	species
O387	INDIVIDUAL			Crepis sp	Crepis sp	Plantae	species
O388	INDIVIDUAL			Crepis sp	Crepis sp	Plantae	species
O389	INDIVIDUAL			Crepis sp	Crepis sp	Plantae	species
O390	INDIVIDUAL			Crepis sp	Crepis sp	Plantae	species
O391	INDIVIDUAL			Crepis sp	Crepis sp	Plantae	species
O392	INDIVIDUAL			Achillea millefolium	Achillea millefolium	Plantae	species
O393	INDIVIDUAL			Achillea millefolium	Achillea millefolium	Plantae	species
O394	INDIVIDUAL			Geranium robertianum	Geranium robertianum	Plantae	species
O395	INDIVIDUAL			Geranium robertianum	Geranium robertianum	Plantae	species
O396	INDIVIDUAL			Galium verum	Galium verum	Plantae	species
O397	INDIVIDUAL			Galium verum	Galium verum	Plantae	species
O398	INDIVIDUAL			Senecio sp1	Senecio sp1	Plantae	species
O399	INDIVIDUAL			Senecio sp1	Senecio sp1	Plantae	species
O400	INDIVIDUAL			Senecio sp1	Senecio sp1	Plantae	species
O401	INDIVIDUAL			Rubus fructicosus	Rubus fructicosus	Plantae	species
O402	INDIVIDUAL			Sisymbrium officinale	Sisymbrium officinale	Plantae	species
O403	INDIVIDUAL			Sisymbrium officinale	Sisymbrium officinale	Plantae	species
O404	INDIVIDUAL			Rubus fructicosus	Rubus fructicosus	Plantae	species
O405	INDIVIDUAL			Rubus fructicosus	Rubus fructicosus	Plantae	species
O406	INDIVIDUAL			Rubus fructicosus	Rubus fructicosus	Plantae	species
O407	INDIVIDUAL			Sisymbrium officinale	Sisymbrium officinale	Plantae	species
O408	INDIVIDUAL			Sisymbrium officinale	Sisymbrium officinale	Plantae	species
O409	INDIVIDUAL			Rubus fructicosus	Rubus fructicosus	Plantae	species
O410	INDIVIDUAL			Rubus fructicosus	Rubus fructicosus	Plantae	species
O411	INDIVIDUAL			Rubus fructicosus	Rubus fructicosus	Plantae	species
O412	INDIVIDUAL			Rubus fructicosus	Rubus fructicosus	Plantae	species
O413	INDIVIDUAL			Rubus fructicosus	Rubus fructicosus	Plantae	species
O414	INDIVIDUAL			Sisymbrium officinale	Sisymbrium officinale	Plantae	species
O415	INDIVIDUAL			Buddleja davidii	Buddleja davidii	Plantae	species
O416	INDIVIDUAL			Buddleja davidii	Buddleja davidii	Plantae	species
O417	INDIVIDUAL			Clematis vitalba	Clematis vitalba	Plantae	species
O418	INDIVIDUAL			Clematis vitalba	Clematis vitalba	Plantae	species
O419	INDIVIDUAL			Clematis vitalba	Clematis vitalba	Plantae	species
O420	INDIVIDUAL			Clematis vitalba	Clematis vitalba	Plantae	species
O421	INDIVIDUAL			Clematis vitalba	Clematis vitalba	Plantae	species
O422	INDIVIDUAL			Clematis vitalba	Clematis vitalba	Plantae	species
O423	INDIVIDUAL			Origanum vulgare	Origanum vulgare	Plantae	species
O424	INDIVIDUAL			Achillea millefolium	Achillea millefolium	Plantae	species
O425	INDIVIDUAL			Senecio sp1	Senecio sp1	Plantae	species
O426	INDIVIDUAL			Solanum dulcamara	Solanum dulcamara	Plantae	species
O427	INDIVIDUAL			Hypericum perforatum	Hypericum perforatum	Plantae	species
O428	INDIVIDUAL			Scabiosa columbaria	Scabiosa columbaria	Plantae	species
O429	INDIVIDUAL			Lotus corniculatus	Lotus corniculatus	Plantae	species
O430	INDIVIDUAL			Rubus fructicosus	Rubus fructicosus	Plantae	species
O431	INDIVIDUAL			Rubus fructicosus	Rubus fructicosus	Plantae	species
O432	INDIVIDUAL			Helianthemum nummularium	Helianthemum nummularium	Plantae	species
O433	INDIVIDUAL			Eupatorium cannabinum	Eupatorium cannabinum	Plantae	species
O434	INDIVIDUAL			Teucrium scorodonia	Teucrium scorodonia	Plantae	species
O435	INDIVIDUAL			Rubus fructicosus	Rubus fructicosus	Plantae	species
O436	INDIVIDUAL			Hypericum perforatum	Hypericum perforatum	Plantae	species
O437	INDIVIDUAL			Geranium robertianum	Geranium robertianum	Plantae	species
O438	INDIVIDUAL			Scabiosa columbaria	Scabiosa columbaria	Plantae	species
O439	INDIVIDUAL			Geranium robertianum	Geranium robertianum	Plantae	species
O440	INDIVIDUAL			Rubus fructicosus	Rubus fructicosus	Plantae	species
O441	INDIVIDUAL			Clematis vitalba	Clematis vitalba	Plantae	species
O442	INDIVIDUAL			Origanum vulgare	Origanum vulgare	Plantae	species
O443	INDIVIDUAL			Clematis vitalba	Clematis vitalba	Plantae	species
O444	INDIVIDUAL			Inula conyzae	Inula conyzae	Plantae	species
O445	INDIVIDUAL			Scabiosa columbaria	Scabiosa columbaria	Plantae	species
O446	INDIVIDUAL			Sonchus arvensis	Sonchus arvensis	Plantae	species
O447	INDIVIDUAL			Solanum dulcamara	Solanum dulcamara	Plantae	species
O448	INDIVIDUAL			Sonchus arvensis	Sonchus arvensis	Plantae	species
O449	INDIVIDUAL			Rubus fructicosus	Rubus fructicosus	Plantae	species
O450	INDIVIDUAL			Rubus fructicosus	Rubus fructicosus	Plantae	species
O451	INDIVIDUAL			Rubus fructicosus	Rubus fructicosus	Plantae	species
O452	INDIVIDUAL			Rubus fructicosus	Rubus fructicosus	Plantae	species
O453	INDIVIDUAL			Helianthemum nummularium	Helianthemum nummularium	Plantae	species
O454	INDIVIDUAL			Helianthemum nummularium	Helianthemum nummularium	Plantae	species
O455	INDIVIDUAL			Clinopodium ascendens	Clinopodium ascendens	Plantae	species
O456	INDIVIDUAL			Hypericum perforatum	Hypericum perforatum	Plantae	species
O457	INDIVIDUAL			Hypericum perforatum	Hypericum perforatum	Plantae	species
O458	INDIVIDUAL			Hypericum perforatum	Hypericum perforatum	Plantae	species
O459	INDIVIDUAL			Scabiosa columbaria	Scabiosa columbaria	Plantae	species
O460	INDIVIDUAL			Scabiosa columbaria	Scabiosa columbaria	Plantae	species
O461	INDIVIDUAL			Scabiosa columbaria	Scabiosa columbaria	Plantae	species
O462	INDIVIDUAL			Centranthus ruber	Centranthus ruber	Plantae	species
O463	INDIVIDUAL			Solidago virgaurea	Solidago virgaurea	Plantae	species
O464	INDIVIDUAL			Solidago virgaurea	Solidago virgaurea	Plantae	species
O465	INDIVIDUAL			Solidago virgaurea	Solidago virgaurea	Plantae	species
O466	INDIVIDUAL			Crepis sp	Crepis sp	Plantae	species
O467	INDIVIDUAL			Clinopodium vulgare	Clinopodium vulgare	Plantae	species
O468	INDIVIDUAL			Crepis sp	Crepis sp	Plantae	species
O469	INDIVIDUAL			Crepis sp	Crepis sp	Plantae	species
O470	INDIVIDUAL			Crepis sp	Crepis sp	Plantae	species
O471	INDIVIDUAL			Clinopodium acinos	Clinopodium acinos	Plantae	species
O472	INDIVIDUAL			Lactuca serriola	Lactuca serriola	Plantae	species
O473	INDIVIDUAL			Lactuca serriola	Lactuca serriola	Plantae	species
O474	INDIVIDUAL			Lactuca serriola	Lactuca serriola	Plantae	species
O475	INDIVIDUAL			Mycelis muralis	Mycelis muralis	Plantae	species
O476	INDIVIDUAL			Senecio sp1	Senecio sp1	Plantae	species
O477	INDIVIDUAL			Senecio sp1	Senecio sp1	Plantae	species
O478	INDIVIDUAL			Senecio sp1	Senecio sp1	Plantae	species
O479	INDIVIDUAL			Senecio sp1	Senecio sp1	Plantae	species
O480	INDIVIDUAL			Senecio sp1	Senecio sp1	Plantae	species
O481	INDIVIDUAL			Senecio sp1	Senecio sp1	Plantae	species
O482	INDIVIDUAL			Senecio sp1	Senecio sp1	Plantae	species
O483	INDIVIDUAL			Senecio sp1	Senecio sp1	Plantae	species
O484	INDIVIDUAL			Galium verum	Galium verum	Plantae	species
O485	INDIVIDUAL			Galium verum	Galium verum	Plantae	species
O486	INDIVIDUAL			Galium verum	Galium verum	Plantae	species
O487	INDIVIDUAL			Galium verum	Galium verum	Plantae	species
O488	INDIVIDUAL			Torilis japonica	Torilis japonica	Plantae	species
O489	INDIVIDUAL			Torilis japonica	Torilis japonica	Plantae	species
O490	INDIVIDUAL			Torilis japonica	Torilis japonica	Plantae	species
O491	INDIVIDUAL			Achillea millefolium	Achillea millefolium	Plantae	species
O492	INDIVIDUAL			Achillea millefolium	Achillea millefolium	Plantae	species
O493	INDIVIDUAL			Achillea millefolium	Achillea millefolium	Plantae	species
O494	INDIVIDUAL			Thymus polytrichus	Thymus polytrichus	Plantae	species
O495	INDIVIDUAL			Geranium robertianum	Geranium robertianum	Plantae	species
O496	INDIVIDUAL			Eupatorium cannabinum	Eupatorium cannabinum	Plantae	species
O497	INDIVIDUAL			Eupatorium cannabinum	Eupatorium cannabinum	Plantae	species
O498	INDIVIDUAL			Eupatorium cannabinum	Eupatorium cannabinum	Plantae	species
O499	INDIVIDUAL			Origanum vulgare	Origanum vulgare	Plantae	species
O500	INDIVIDUAL			Clematis vitalba	Clematis vitalba	Plantae	species
O501	INDIVIDUAL			Clematis vitalba	Clematis vitalba	Plantae	species
O502	INDIVIDUAL			Clematis vitalba	Clematis vitalba	Plantae	species
O503	INDIVIDUAL			Clematis vitalba	Clematis vitalba	Plantae	species
O504	INDIVIDUAL			Clematis vitalba	Clematis vitalba	Plantae	species
O505	INDIVIDUAL			Clematis vitalba	Clematis vitalba	Plantae	species
O506	INDIVIDUAL			Clematis vitalba	Clematis vitalba	Plantae	species
O507	INDIVIDUAL			Clematis vitalba	Clematis vitalba	Plantae	species
O508	INDIVIDUAL			Torilis japonica	Torilis japonica	Plantae	species
O509	INDIVIDUAL			Torilis japonica	Torilis japonica	Plantae	species
O510	INDIVIDUAL			Sonchus arvensis	Sonchus arvensis	Plantae	species
O511	INDIVIDUAL			Helianthemum nummularium	Helianthemum nummularium	Plantae	species
O512	INDIVIDUAL			Scabiosa columbaria	Scabiosa columbaria	Plantae	species
O513	INDIVIDUAL			Scabiosa columbaria	Scabiosa columbaria	Plantae	species
O514	INDIVIDUAL			Solidago virgaurea	Solidago virgaurea	Plantae	species
O515	INDIVIDUAL			Crepis sp	Crepis sp	Plantae	species
O516	INDIVIDUAL			Crepis sp	Crepis sp	Plantae	species
O517	INDIVIDUAL			Clinopodium acinos	Clinopodium acinos	Plantae	species
O518	INDIVIDUAL			Senecio sp1	Senecio sp1	Plantae	species
O519	INDIVIDUAL			Torilis japonica	Torilis japonica	Plantae	species
O520	INDIVIDUAL			Torilis japonica	Torilis japonica	Plantae	species
O521	INDIVIDUAL			Achillea millefolium	Achillea millefolium	Plantae	species
O522	INDIVIDUAL			Geranium robertianum	Geranium robertianum	Plantae	species
O523	INDIVIDUAL			Geranium robertianum	Geranium robertianum	Plantae	species
O524	INDIVIDUAL			Clematis vitalba	Clematis vitalba	Plantae	species
O525	INDIVIDUAL			Scabiosa columbaria	Scabiosa columbaria	Plantae	species
O526	INDIVIDUAL			Rubus fructicosus	Rubus fructicosus	Plantae	species
O527	INDIVIDUAL			Solidago virgaurea	Solidago virgaurea	Plantae	species
O528	INDIVIDUAL			Geranium robertianum	Geranium robertianum	Plantae	species
O529	INDIVIDUAL			Eupatorium cannabinum	Eupatorium cannabinum	Plantae	species
O530	INDIVIDUAL			Teucrium scorodonia	Teucrium scorodonia	Plantae	species
O531	INDIVIDUAL			Torilis japonica	Torilis japonica	Plantae	species
O532	INDIVIDUAL			Geranium robertianum	Geranium robertianum	Plantae	species
O533	INDIVIDUAL			Scabiosa columbaria	Scabiosa columbaria	Plantae	species
O534	INDIVIDUAL			Plantago lanceolata	Plantago lanceolata	Plantae	species
O535	INDIVIDUAL			Scabiosa columbaria	Scabiosa columbaria	Plantae	species
O536	INDIVIDUAL			Origanum vulgare	Origanum vulgare	Plantae	species
O537	INDIVIDUAL			Solanum dulcamara	Solanum dulcamara	Plantae	species
O538	INDIVIDUAL			Medicago lupulina	Medicago lupulina	Plantae	species
O539	INDIVIDUAL			Medicago lupulina	Medicago lupulina	Plantae	species
O540	INDIVIDUAL			Pilosella oficinarum	Pilosella oficinarum	Plantae	species
O541	INDIVIDUAL			Pilosella oficinarum	Pilosella oficinarum	Plantae	species
O542	INDIVIDUAL			Torilis japonica	Torilis japonica	Plantae	species
O543	INDIVIDUAL			Hieracium sp	Hieracium sp	Plantae	species
O544	INDIVIDUAL			Hypericum perforatum	Hypericum perforatum	Plantae	species
O545	INDIVIDUAL			Hypericum perforatum	Hypericum perforatum	Plantae	species
O546	INDIVIDUAL			Rubus fructicosus	Rubus fructicosus	Plantae	species
O547	INDIVIDUAL			Centranthus ruber	Centranthus ruber	Plantae	species
O548	INDIVIDUAL			Mycelis muralis	Mycelis muralis	Plantae	species
O549	INDIVIDUAL			Crepis sp	Crepis sp	Plantae	species
O550	INDIVIDUAL			Lotus corniculatus	Lotus corniculatus	Plantae	species
O551	INDIVIDUAL			Crepis sp	Crepis sp	Plantae	species
O552	INDIVIDUAL			Crepis sp	Crepis sp	Plantae	species
O553	INDIVIDUAL			Clematis vitalba	Clematis vitalba	Plantae	species
O554	INDIVIDUAL			Clematis vitalba	Clematis vitalba	Plantae	species
O555	INDIVIDUAL			Clematis vitalba	Clematis vitalba	Plantae	species
O556	INDIVIDUAL			Apiaceae sp	Apiaceae sp	Plantae	species
O557	INDIVIDUAL			Apiaceae sp	Apiaceae sp	Plantae	species
O558	INDIVIDUAL			Apiaceae sp	Apiaceae sp	Plantae	species
O559	INDIVIDUAL			Achillea millefolium	Achillea millefolium	Plantae	species
O560	INDIVIDUAL			Achillea millefolium	Achillea millefolium	Plantae	species
O561	INDIVIDUAL			Achillea millefolium	Achillea millefolium	Plantae	species
O562	INDIVIDUAL			Senecio jacobaea	Senecio jacobaea	Plantae	species
O563	INDIVIDUAL			Clinopodium ascendens	Clinopodium ascendens	Plantae	species
O564	INDIVIDUAL			Clinopodium ascendens	Clinopodium ascendens	Plantae	species
O565	INDIVIDUAL			Geranium robertianum	Geranium robertianum	Plantae	species
O566	INDIVIDUAL			Geranium robertianum	Geranium robertianum	Plantae	species
O567	INDIVIDUAL			Scabiosa columbaria	Scabiosa columbaria	Plantae	species
O568	INDIVIDUAL			Scabiosa columbaria	Scabiosa columbaria	Plantae	species
O569	INDIVIDUAL			Scabiosa columbaria	Scabiosa columbaria	Plantae	species
O570	INDIVIDUAL			Scabiosa columbaria	Scabiosa columbaria	Plantae	species
O571	INDIVIDUAL			Scabiosa columbaria	Scabiosa columbaria	Plantae	species
O572	INDIVIDUAL			Scabiosa columbaria	Scabiosa columbaria	Plantae	species
O573	INDIVIDUAL			Senecio sp1	Senecio sp1	Plantae	species
O574	INDIVIDUAL			Senecio sp1	Senecio sp1	Plantae	species
O575	INDIVIDUAL			Senecio sp1	Senecio sp1	Plantae	species
O576	INDIVIDUAL			Senecio sp1	Senecio sp1	Plantae	species
O577	INDIVIDUAL			Solidago virgaurea	Solidago virgaurea	Plantae	species
O578	INDIVIDUAL			Solidago virgaurea	Solidago virgaurea	Plantae	species
O579	INDIVIDUAL			Solidago virgaurea	Solidago virgaurea	Plantae	species
O580	INDIVIDUAL			Solidago virgaurea	Solidago virgaurea	Plantae	species
O581	INDIVIDUAL			Solidago virgaurea	Solidago virgaurea	Plantae	species
O582	INDIVIDUAL			Solidago virgaurea	Solidago virgaurea	Plantae	species
O583	INDIVIDUAL			Solidago virgaurea	Solidago virgaurea	Plantae	species
O584	INDIVIDUAL			Scabiosa columbaria	Scabiosa columbaria	Plantae	species
O585	INDIVIDUAL			Clinopodium ascendens	Clinopodium ascendens	Plantae	species
O586	INDIVIDUAL			Origanum vulgare	Origanum vulgare	Plantae	species
O587	INDIVIDUAL			Solidago virgaurea	Solidago virgaurea	Plantae	species
O588	INDIVIDUAL			Solidago virgaurea	Solidago virgaurea	Plantae	species
O589	INDIVIDUAL			Solidago virgaurea	Solidago virgaurea	Plantae	species
O590	INDIVIDUAL			Solidago virgaurea	Solidago virgaurea	Plantae	species
O591	INDIVIDUAL			Clematis vitalba	Clematis vitalba	Plantae	species
O592	INDIVIDUAL			Achillea millefolium	Achillea millefolium	Plantae	species
O593	INDIVIDUAL			Achillea millefolium	Achillea millefolium	Plantae	species
O594	INDIVIDUAL			Rubus fructicosus	Rubus fructicosus	Plantae	species
O595	INDIVIDUAL			Hieracium sp	Hieracium sp	Plantae	species
O596	INDIVIDUAL			Crepis sp	Crepis sp	Plantae	species
O597	INDIVIDUAL			Melampyrum pratense	Melampyrum pratense	Plantae	species
O598	INDIVIDUAL			Geranium robertianum	Geranium robertianum	Plantae	species
O599	INDIVIDUAL			Senecio sp1	Senecio sp1	Plantae	species
O600	INDIVIDUAL			Origanum vulgare	Origanum vulgare	Plantae	species
O601	INDIVIDUAL			Origanum vulgare	Origanum vulgare	Plantae	species
O602	INDIVIDUAL			Clematis vitalba	Clematis vitalba	Plantae	species
O603	INDIVIDUAL			Teucrium scorodonia	Teucrium scorodonia	Plantae	species
O604	INDIVIDUAL			Senecio sp1	Senecio sp1	Plantae	species
O605	INDIVIDUAL			Crepis sp	Crepis sp	Plantae	species
O606	INDIVIDUAL			Solidago virgaurea	Solidago virgaurea	Plantae	species
O607	INDIVIDUAL			Clinopodium ascendens	Clinopodium ascendens	Plantae	species
O608	INDIVIDUAL			Senecio sp1	Senecio sp1	Plantae	species
O609	INDIVIDUAL			Origanum vulgare	Origanum vulgare	Plantae	species
O610	INDIVIDUAL			Scabiosa columbaria	Scabiosa columbaria	Plantae	species
O611	INDIVIDUAL			Solidago virgaurea	Solidago virgaurea	Plantae	species
O612	INDIVIDUAL			Pilosella oficinarum	Pilosella oficinarum	Plantae	species
O613	INDIVIDUAL			Scabiosa columbaria	Scabiosa columbaria	Plantae	species
O614	INDIVIDUAL			Scabiosa columbaria	Scabiosa columbaria	Plantae	species
O615	INDIVIDUAL			Scabiosa columbaria	Scabiosa columbaria	Plantae	species
O616	INDIVIDUAL			Torilis japonica	Torilis japonica	Plantae	species
O617	INDIVIDUAL			Solidago virgaurea	Solidago virgaurea	Plantae	species
O618	INDIVIDUAL			Solidago virgaurea	Solidago virgaurea	Plantae	species
O619	INDIVIDUAL			Solidago virgaurea	Solidago virgaurea	Plantae	species
O620	INDIVIDUAL			Solidago virgaurea	Solidago virgaurea	Plantae	species
O621	INDIVIDUAL			Apiaceae sp	Apiaceae sp	Plantae	species
O622	INDIVIDUAL			Hieracium sp	Hieracium sp	Plantae	species
O623	INDIVIDUAL			Hieracium sp	Hieracium sp	Plantae	species
O624	INDIVIDUAL			Helianthemum nummularium	Helianthemum nummularium	Plantae	species
O625	INDIVIDUAL			Pilosella oficinarum	Pilosella oficinarum	Plantae	species
O626	INDIVIDUAL			Pilosella oficinarum	Pilosella oficinarum	Plantae	species
O627	INDIVIDUAL			Pilosella oficinarum	Pilosella oficinarum	Plantae	species
O628	INDIVIDUAL			Pilosella oficinarum	Pilosella oficinarum	Plantae	species
O629	INDIVIDUAL			Crepis sp	Crepis sp	Plantae	species
O630	INDIVIDUAL			Pilosella oficinarum	Pilosella oficinarum	Plantae	species
O631	INDIVIDUAL			Pilosella oficinarum	Pilosella oficinarum	Plantae	species
O632	INDIVIDUAL			Teucrium scorodonia	Teucrium scorodonia	Plantae	species
O633	INDIVIDUAL			Centranthus ruber	Centranthus ruber	Plantae	species
O634	INDIVIDUAL			Centranthus ruber	Centranthus ruber	Plantae	species
O635	INDIVIDUAL			Mycelis muralis	Mycelis muralis	Plantae	species
O636	INDIVIDUAL			Sonchus arvensis	Sonchus arvensis	Plantae	species
O637	INDIVIDUAL			Sonchus arvensis	Sonchus arvensis	Plantae	species
O638	INDIVIDUAL			Sonchus arvensis	Sonchus arvensis	Plantae	species
O639	INDIVIDUAL			Lotus corniculatus	Lotus corniculatus	Plantae	species
O640	INDIVIDUAL			Clematis vitalba	Clematis vitalba	Plantae	species
O641	INDIVIDUAL			Lotus corniculatus	Lotus corniculatus	Plantae	species
O642	INDIVIDUAL			Lotus corniculatus	Lotus corniculatus	Plantae	species
O643	INDIVIDUAL			Rubus fructicosus	Rubus fructicosus	Plantae	species
O644	INDIVIDUAL			Rubus fructicosus	Rubus fructicosus	Plantae	species
O645	INDIVIDUAL			Hedera helix	Hedera helix	Plantae	species
O646	INDIVIDUAL			Hedera helix	Hedera helix	Plantae	species
O647	INDIVIDUAL			Hedera helix	Hedera helix	Plantae	species
O648	INDIVIDUAL			Achillea millefolium	Achillea millefolium	Plantae	species
O649	INDIVIDUAL			Solidago virgaurea	Solidago virgaurea	Plantae	species
O650	INDIVIDUAL			Solidago virgaurea	Solidago virgaurea	Plantae	species
O651	INDIVIDUAL			Solidago virgaurea	Solidago virgaurea	Plantae	species
O652	INDIVIDUAL			Senecio sp1	Senecio sp1	Plantae	species
O653	INDIVIDUAL			Senecio sp1	Senecio sp1	Plantae	species
O654	INDIVIDUAL			Apiaceae sp	Apiaceae sp	Plantae	species
O655	INDIVIDUAL			Origanum vulgare	Origanum vulgare	Plantae	species
O656	INDIVIDUAL			Origanum vulgare	Origanum vulgare	Plantae	species
O657	INDIVIDUAL			Torilis japonica	Torilis japonica	Plantae	species
O658	INDIVIDUAL			Apiaceae sp	Apiaceae sp	Plantae	species
O659	INDIVIDUAL			Apiaceae sp	Apiaceae sp	Plantae	species
O660	INDIVIDUAL			Solidago virgaurea	Solidago virgaurea	Plantae	species
O661	INDIVIDUAL			Geranium robertianum	Geranium robertianum	Plantae	species
O662	INDIVIDUAL			Geranium robertianum	Geranium robertianum	Plantae	species
O663	INDIVIDUAL			Hieracium sp	Hieracium sp	Plantae	species
O664	INDIVIDUAL			Carlina vulgaris	Carlina vulgaris	Plantae	species
O665	INDIVIDUAL			Eupatorium cannabinum	Eupatorium cannabinum	Plantae	species
O666	INDIVIDUAL			Eupatorium cannabinum	Eupatorium cannabinum	Plantae	species
O667	INDIVIDUAL			Centranthus ruber	Centranthus ruber	Plantae	species
O668	INDIVIDUAL			Hypericum perforatum	Hypericum perforatum	Plantae	species
O669	INDIVIDUAL			Sonchus arvensis	Sonchus arvensis	Plantae	species
O670	INDIVIDUAL			Sonchus arvensis	Sonchus arvensis	Plantae	species
O671	INDIVIDUAL			Geranium robertianum	Geranium robertianum	Plantae	species
O672	INDIVIDUAL			Apiaceae sp	Apiaceae sp	Plantae	species
O673	INDIVIDUAL			Pilosella oficinarum	Pilosella oficinarum	Plantae	species
O674	INDIVIDUAL			Pilosella oficinarum	Pilosella oficinarum	Plantae	species
O675	INDIVIDUAL			Hypericum perforatum	Hypericum perforatum	Plantae	species
O676	INDIVIDUAL			Scabiosa columbaria	Scabiosa columbaria	Plantae	species
O677	INDIVIDUAL			Helianthemum nummularium	Helianthemum nummularium	Plantae	species
O678	INDIVIDUAL			Melampyrum pratense	Melampyrum pratense	Plantae	species
O679	INDIVIDUAL			Rubus fructicosus	Rubus fructicosus	Plantae	species
O680	INDIVIDUAL			Solidago virgaurea	Solidago virgaurea	Plantae	species
O681	INDIVIDUAL			Apiaceae sp	Apiaceae sp	Plantae	species
O682	INDIVIDUAL			Hedera helix	Hedera helix	Plantae	species
O683	INDIVIDUAL			Solanum dulcamara	Solanum dulcamara	Plantae	species
O684	INDIVIDUAL			Clinopodium ascendens	Clinopodium ascendens	Plantae	species
O685	INDIVIDUAL			Scabiosa columbaria	Scabiosa columbaria	Plantae	species