geneticSequenceID	materialEntitySourceID	geneticSequenceType	geneticSequence	geneticSequenceCitation	geneticSequenceRemarks
https://www.ncbi.nlm.nih.gov/nuccore/MH170145	me001	genomic RNA	catgtcacat gttgtacggc tagtgacaaa ttttatagac ttagtaatga gcttgcccaa gttttgacgg aggttgttta ctcaaatggt gggttttact ttaaacctgg tggtacaact tctggtgatg caactactgc ttatgccaac tctgtcttta atatatttca ggctgtaagt tctaacatta atcgcattgt gggtgttaat tcatcaaatt gcaacaatct taatgttaag aaatg	Waruhiu,C., Ommeh,S., Obanda,V., Agwanda,B., Gakuya,F., Ge,X.Y., Yang,X.L., Wu,L.J., Zohaib,A., Hu,B. and Shi,Z.L. Molecular detection of viruses in Kenyan bats and discovery of novel astroviruses, caliciviruses and rotaviruses. Virol Sin 32 (2), 101-114 (2017)	
https://www.ncbi.nlm.nih.gov/nuccore/MH170146	me002	genomic RNA			
https://www.ncbi.nlm.nih.gov/nuccore/MH170147	me003	genomic RNA			
https://www.ncbi.nlm.nih.gov/nuccore/MG000865	me004	genomic RNA			
https://www.ncbi.nlm.nih.gov/nuccore/MG000866	me005	genomic RNA			
https://www.ncbi.nlm.nih.gov/nuccore/MG000867	me006	genomic RNA			
https://www.ncbi.nlm.nih.gov/nuccore/MG000868	me007	genomic RNA			
https://www.ncbi.nlm.nih.gov/nuccore/MG000871	me008	genomic RNA			
https://www.ncbi.nlm.nih.gov/nuccore/MG000869	me009	genomic RNA			
https://www.ncbi.nlm.nih.gov/nuccore/MG000870	me010	genomic RNA			
https://www.ncbi.nlm.nih.gov/nuccore/KT253272	me011	genomic RNA			
https://www.ncbi.nlm.nih.gov/nuccore/KT253273	me012	genomic RNA			
https://www.ncbi.nlm.nih.gov/nuccore/KT253260	me013	genomic RNA			
https://www.ncbi.nlm.nih.gov/nuccore/KT253259	me014	genomic RNA			
https://www.ncbi.nlm.nih.gov/nuccore/KT253274	me015	genomic RNA			
https://www.ncbi.nlm.nih.gov/nuccore/KT253275	me016	genomic RNA			
https://www.ncbi.nlm.nih.gov/nuccore/KT253276	me017	genomic RNA			
https://www.ncbi.nlm.nih.gov/nuccore/KT253266	me018	genomic RNA			
https://www.ncbi.nlm.nih.gov/nuccore/KT253277	me019	genomic RNA			
https://www.ncbi.nlm.nih.gov/nuccore/KT253278	me020	genomic RNA			
https://www.ncbi.nlm.nih.gov/nuccore/KT253279	me021	genomic RNA			
https://www.ncbi.nlm.nih.gov/nuccore/KT253280	me022	genomic RNA			
https://www.ncbi.nlm.nih.gov/nuccore/KT253281	me023	genomic RNA			
https://www.ncbi.nlm.nih.gov/nuccore/KT253282	me024	genomic RNA			
https://www.ncbi.nlm.nih.gov/nuccore/KT253283	me025	genomic RNA			
https://www.ncbi.nlm.nih.gov/nuccore/KT253284	me026	genomic RNA			
https://www.ncbi.nlm.nih.gov/nuccore/KT253285	me027	genomic RNA			
https://www.ncbi.nlm.nih.gov/nuccore/KT253286	me028	genomic RNA			
https://www.ncbi.nlm.nih.gov/nuccore/KT253287	me029	genomic RNA			
https://www.ncbi.nlm.nih.gov/nuccore/KT253288	me030	genomic RNA			
https://www.ncbi.nlm.nih.gov/nuccore/KT253262	me031	genomic RNA			
https://www.ncbi.nlm.nih.gov/nuccore/KT253261	me032	genomic RNA			
https://www.ncbi.nlm.nih.gov/nuccore/KT253289	me033	genomic RNA			
https://www.ncbi.nlm.nih.gov/nuccore/KT253290	me034	genomic RNA			
https://www.ncbi.nlm.nih.gov/nuccore/KT253270	me035	genomic RNA			